X,Y,FACILITYID,LATITUDE,LONGITUDE,photo,photoreference,url,cameralocation,ESRI_OID
630036.4278,4855860.1604,21,630036.43,4855860.16,https://ww5.yorkmaps.ca/webtrafficimages/loc21.jpg,https://ww5.yorkmaps.ca/webtrafficimages/loc21R.jpg,https://ww5.yorkmaps.ca/webtrafficimages/location21.html,Highway 7 and Leslie Street,1
619943.3766,4854790.0006,31,619943.38,4854790,https://ww5.yorkmaps.ca/webtrafficimages/loc31.jpg,https://ww5.yorkmaps.ca/webtrafficimages/loc31R.jpg,https://ww5.yorkmaps.ca/webtrafficimages/location31.html,Keele Street and Rutherford Road,2
616092.6959,4853578.7698,32,616092.7,4853578.77,https://ww5.yorkmaps.ca/webtrafficimages/loc32.jpg,https://ww5.yorkmaps.ca/webtrafficimages/loc32R.jpg,https://ww5.yorkmaps.ca/webtrafficimages/location32.html,Weston Road and Rutherford Road,3
625939.7146,4856743.9057,33,625939.71,4856743.91,https://ww5.yorkmaps.ca/webtrafficimages/loc33.jpg,https://ww5.yorkmaps.ca/webtrafficimages/loc33R.jpg,https://ww5.yorkmaps.ca/webtrafficimages/location33.html,Yonge Street and 16th Ave,4
622697.3302,4851415.4758,34,622697.33,4851415.48,https://ww5.yorkmaps.ca/webtrafficimages/loc34.jpg,https://ww5.yorkmaps.ca/webtrafficimages/loc34R.jpg,https://ww5.yorkmaps.ca/webtrafficimages/location34.html,Dufferin Street and Centre Street,5
630772.5316,4856110.5985,53,630772.53,4856110.6,https://ww5.yorkmaps.ca/webtrafficimages/loc53.jpg,https://ww5.yorkmaps.ca/webtrafficimages/loc53R.jpg,https://ww5.yorkmaps.ca/webtrafficimages/location53.html,Highway 7 and Highway 404 SB Off Ramp,6
631975.7292,4856512.9343,56,631975.73,4856512.93,https://ww5.yorkmaps.ca/webtrafficimages/loc56.jpg,https://ww5.yorkmaps.ca/webtrafficimages/loc56R.jpg,https://ww5.yorkmaps.ca/webtrafficimages/location56.html,Highway 7 and Woodbine Ave,7
635017.5097,4861872.0258,39,635017.51,4861872.03,https://ww5.yorkmaps.ca/webtrafficimages/loc39.jpg,https://ww5.yorkmaps.ca/webtrafficimages/loc39R.jpg,https://ww5.yorkmaps.ca/webtrafficimages/location39.html,Kennedy Road and Major Mckenzie Drive,8
627699.4457,4857306.4736,41,627699.45,4857306.47,https://ww5.yorkmaps.ca/webtrafficimages/loc41.jpg,https://ww5.yorkmaps.ca/webtrafficimages/loc41R.jpg,https://ww5.yorkmaps.ca/webtrafficimages/location41.html,Bayview Ave and 16th Ave/Carrville Road,9
614286.76,4848721.33,63,614286.76,4848721.33,https://ww5.yorkmaps.ca/webtrafficimages/loc63.jpg,https://ww5.yorkmaps.ca/webtrafficimages/loc63R.jpg,https://ww5.yorkmaps.ca/webtrafficimages/location63.html,Highway 7 and Wigmoss Crt/Helen St,10
634645.86,4857457.91,64,634645.86,4857457.91,https://ww5.yorkmaps.ca/webtrafficimages/loc64.jpg,https://ww5.yorkmaps.ca/webtrafficimages/loc64R.jpg,https://ww5.yorkmaps.ca/webtrafficimages/location64.html,Highway 7 and Village Pkwy,11
639176.7,4859036.88,65,639176.7,4859036.88,https://ww5.yorkmaps.ca/webtrafficimages/loc65.jpg,https://ww5.yorkmaps.ca/webtrafficimages/loc65R.jpg,https://ww5.yorkmaps.ca/webtrafficimages/location65.html,Highway 7 and Grandview,12
622343.7892,4853466.7145,73,622343.79,4853466.71,https://ww5.yorkmaps.ca/webtrafficimages/loc73.jpg,https://ww5.yorkmaps.ca/webtrafficimages/loc73R.jpg,https://ww5.yorkmaps.ca/webtrafficimages/location73.html,Langstaff and Dufferin,13
617480.9961,4853977.5198,74,617481,4853977.52,https://ww5.yorkmaps.ca/webtrafficimages/loc74.jpg,https://ww5.yorkmaps.ca/webtrafficimages/loc74R.jpg,https://ww5.yorkmaps.ca/webtrafficimages/location74.html,Rutherford Road & Sweetriver Boulevard,14
610938.0829,4847599.3754,26,610938.08,4847599.38,https://ww5.yorkmaps.ca/webtrafficimages/loc26.jpg,https://ww5.yorkmaps.ca/webtrafficimages/loc26R.jpg,https://ww5.yorkmaps.ca/webtrafficimages/location26.html,Highway 7 and Highway 27,15
624670.3896,4852034.7721,27,624670.39,4852034.77,https://ww5.yorkmaps.ca/webtrafficimages/loc27.jpg,https://ww5.yorkmaps.ca/webtrafficimages/loc27R.jpg,https://ww5.yorkmaps.ca/webtrafficimages/location27.html,Bathurst Street and Centre Street,16
631554.8016,4858505.7992,29,631554.8,4858505.8,https://ww5.yorkmaps.ca/webtrafficimages/loc29.jpg,https://ww5.yorkmaps.ca/webtrafficimages/loc29R.jpg,https://ww5.yorkmaps.ca/webtrafficimages/location29.html,Woodbine Ave and 16th Ave,17
627303.8544,4859325.9318,30,627303.85,4859325.93,https://ww5.yorkmaps.ca/webtrafficimages/loc30.jpg,https://ww5.yorkmaps.ca/webtrafficimages/loc30R.jpg,https://ww5.yorkmaps.ca/webtrafficimages/location30.html,Bayview Ave and Major Mackenzie Drive,18
628757.907,4855428.5044,18,628757.91,4855428.5,https://ww5.yorkmaps.ca/webtrafficimages/loc18.jpg,https://ww5.yorkmaps.ca/webtrafficimages/loc18R.jpg,https://ww5.yorkmaps.ca/webtrafficimages/location18.html,Highway 7 and Chalmers Road,19
630379.3887,4855975.5436,22,630379.39,4855975.54,https://ww5.yorkmaps.ca/webtrafficimages/loc22.jpg,https://ww5.yorkmaps.ca/webtrafficimages/loc22R.jpg,https://ww5.yorkmaps.ca/webtrafficimages/location22.html,Highway 7 and East Beaver Creek Drive,20
629280.993,4855604.5413,19,629280.99,4855604.54,https://ww5.yorkmaps.ca/webtrafficimages/loc19.jpg,https://ww5.yorkmaps.ca/webtrafficimages/loc19R.jpg,https://ww5.yorkmaps.ca/webtrafficimages/location19.html,Highway 7 and Times/Valleymede Drive,21
629698.0245,4855745.551,20,629698.02,4855745.55,https://ww5.yorkmaps.ca/webtrafficimages/loc20.jpg,https://ww5.yorkmaps.ca/webtrafficimages/loc20R.jpg,https://ww5.yorkmaps.ca/webtrafficimages/location20.html,Highway 7 and West Beaver Creek Road,22
623891.2422,4856110.5417,11,623891.24,4856110.54,https://ww5.yorkmaps.ca/webtrafficimages/loc11.jpg,https://ww5.yorkmaps.ca/webtrafficimages/loc11R.jpg,https://ww5.yorkmaps.ca/webtrafficimages/location11.html,Bathurst Street and Carrville/Rutherford Road,23
632461.0647,4856662.9233,57,632461.06,4856662.92,https://ww5.yorkmaps.ca/webtrafficimages/loc57.jpg,https://ww5.yorkmaps.ca/webtrafficimages/loc57R.jpg,https://ww5.yorkmaps.ca/webtrafficimages/location57.html,Highway 7 and Montgomery Crt,24
641135.29,4859807.0,66,641135.29,4859807,https://ww5.yorkmaps.ca/webtrafficimages/loc66.jpg,https://ww5.yorkmaps.ca/webtrafficimages/loc66R.jpg,https://ww5.yorkmaps.ca/webtrafficimages/location66.html,Highway 7 and Wooten Way,25
633064.1009,4861246.2772,71,633064.1,4861246.28,https://ww5.yorkmaps.ca/webtrafficimages/loc71.jpg,https://ww5.yorkmaps.ca/webtrafficimages/loc71R.jpg,https://ww5.yorkmaps.ca/webtrafficimages/location71.html,Major Mackenzie Drive and Warden Avenue,26
631155.95,4860499.36,72,631155.95,4860499.36,https://ww5.yorkmaps.ca/webtrafficimages/loc72.jpg,https://ww5.yorkmaps.ca/webtrafficimages/loc72R.jpg,https://ww5.yorkmaps.ca/webtrafficimages/location72.html,Woodbine Avenue and Major Mackenzie Drive,27
614814.6899,4848891.0043,6,614814.69,4848891,https://ww5.yorkmaps.ca/webtrafficimages/loc6.jpg,https://ww5.yorkmaps.ca/webtrafficimages/loc6R.jpg,https://ww5.yorkmaps.ca/webtrafficimages/location6.html,Highway 7 and Pine Valley Drive,28
625564.1565,4858759.9369,10,625564.16,4858759.94,https://ww5.yorkmaps.ca/webtrafficimages/loc10.jpg,https://ww5.yorkmaps.ca/webtrafficimages/loc10R.jpg,https://ww5.yorkmaps.ca/webtrafficimages/location10.html,Yonge Street and Major Mackenzie Drive,29
635814.3168,4857875.8205,61,635814.32,4857875.82,https://ww5.yorkmaps.ca/webtrafficimages/loc61.jpg,https://ww5.yorkmaps.ca/webtrafficimages/loc61R.jpg,https://ww5.yorkmaps.ca/webtrafficimages/location61.html,Highway 7 and Main St (Unionville),30
633972.9928,4856925.4563,67,633972.99,4856925.46,https://ww5.yorkmaps.ca/webtrafficimages/loc67.jpg,https://ww5.yorkmaps.ca/webtrafficimages/loc67R.jpg,https://ww5.yorkmaps.ca/webtrafficimages/location67.html,Warden Avenue and Clegg Road,31
610266.7172,4851792.6451,77,610266.72,4851792.65,https://ww5.yorkmaps.ca/webtrafficimages/loc77.jpg,https://ww5.yorkmaps.ca/webtrafficimages/loc77R.jpg,https://ww5.yorkmaps.ca/webtrafficimages/location77.html,Highway 27 and Rutherford Road,32
636312.7495,4858022.1788,78,636312.75,4858022.18,https://ww5.yorkmaps.ca/webtrafficimages/loc78.jpg,https://ww5.yorkmaps.ca/webtrafficimages/loc78R.jpg,https://ww5.yorkmaps.ca/webtrafficimages/location78.html,Kennedy Road and Highway 7,33
613518.56,4848472.34,62,613518.56,4848472.34,https://ww5.yorkmaps.ca/webtrafficimages/loc62.jpg,https://ww5.yorkmaps.ca/webtrafficimages/loc62R.jpg,https://ww5.yorkmaps.ca/webtrafficimages/location62.html,Highway 7 and Islington Avenue,34
632929.86,4856819.0,58,632929.86,4856819,https://ww5.yorkmaps.ca/webtrafficimages/loc58.jpg,https://ww5.yorkmaps.ca/webtrafficimages/loc58R.jpg,https://ww5.yorkmaps.ca/webtrafficimages/location58.html,Highway 7 and Rodick Road,35
633472.93,4857013.89,59,633472.93,4857013.89,https://ww5.yorkmaps.ca/webtrafficimages/loc59.jpg,https://ww5.yorkmaps.ca/webtrafficimages/loc59R.jpg,https://ww5.yorkmaps.ca/webtrafficimages/location59.html,Highway 7 and South Town Centre Boulevard,36
636741.68,4858170.12,60,636741.68,4858170.12,https://ww5.yorkmaps.ca/webtrafficimages/loc60.jpg,https://ww5.yorkmaps.ca/webtrafficimages/loc60R.jpg,https://ww5.yorkmaps.ca/webtrafficimages/location60.html,Highway 7 and Swansea,37
620710.7509,4850790.9782,4,620710.75,4850790.98,https://ww5.yorkmaps.ca/webtrafficimages/loc4.jpg,https://ww5.yorkmaps.ca/webtrafficimages/loc4R.jpg,https://ww5.yorkmaps.ca/webtrafficimages/location4.html,Highway 7 and Keele Street,38
616476.87,4851559.83,103,616476.87,4851559.83,https://ww5.yorkmaps.ca/webtrafficimages/loc103.jpg,https://ww5.yorkmaps.ca/webtrafficimages/loc103R.jpg,https://ww5.yorkmaps.ca/webtrafficimages/location103.html,Langstaff and Weston,39
612571.01,4852504.03,106,612571.01,4852504.03,https://ww5.yorkmaps.ca/webtrafficimages/loc106.jpg,https://ww5.yorkmaps.ca/webtrafficimages/loc106R.jpg,https://ww5.yorkmaps.ca/webtrafficimages/location106.html,Islington and Rutherford,40
611912.01,4847921.0,91,611912.01,4847921,https://ww5.yorkmaps.ca/webtrafficimages/loc91.jpg,https://ww5.yorkmaps.ca/webtrafficimages/loc91R.jpg,https://ww5.yorkmaps.ca/webtrafficimages/location91.html,Highway 7 and Martin Grove,41
612881.03,4848247.9701,92,612881.03,4848247.97,https://ww5.yorkmaps.ca/webtrafficimages/loc92.jpg,https://ww5.yorkmaps.ca/webtrafficimages/loc92R.jpg,https://ww5.yorkmaps.ca/webtrafficimages/location92.html,Highway 7 and Kipling,42
638275.6557,4856564.4261,178,638275.66,4856564.43,https://ww5.yorkmaps.ca/webtrafficimages/loc178.jpg,https://ww5.yorkmaps.ca/webtrafficimages/178.jpg,https://ww5.yorkmaps.ca/webtrafficimages/location178.html,14th Avenue and McCowan Road,43
639431.4399,4861338.0859,180,639431.44,4861338.09,https://ww5.yorkmaps.ca/webtrafficimages/loc180.jpg,https://ww5.yorkmaps.ca/webtrafficimages/180.jpg,https://ww5.yorkmaps.ca/webtrafficimages/location180.html,16th Avenue and Markham Road,44
615485.8295,4856827.0412,204,615485.83,4856827.04,https://ww5.yorkmaps.ca/webtrafficimages/loc204.jpg,https://ww5.yorkmaps.ca/webtrafficimages/204.jpg,https://ww5.yorkmaps.ca/webtrafficimages/location204.html,Weston and Stanton/Canada,45
613819.4,4850999.5701,207,613819.4,4850999.57,https://ww5.yorkmaps.ca/webtrafficimages/loc207.jpg,https://ww5.yorkmaps.ca/webtrafficimages/207.jpg,https://ww5.yorkmaps.ca/webtrafficimages/location207.html,Islington and Langstaff,46
639061.22,4863328.29,208,639061.22,4863328.29,https://ww5.yorkmaps.ca/webtrafficimages/loc208.jpg,https://ww5.yorkmaps.ca/webtrafficimages/208.jpg,https://ww5.yorkmaps.ca/webtrafficimages/location208.html,Major Mackenzie Dr. and Markham Rd.,47
631127.64,4856231.2,54,631127.64,4856231.2,https://ww5.yorkmaps.ca/webtrafficimages/loc54.jpg,https://ww5.yorkmaps.ca/webtrafficimages/loc54R.jpg,https://ww5.yorkmaps.ca/webtrafficimages/location54.html,Highway 7 and Highway 404 NB Off Ramp,48
631467.52,4856346.88,55,631467.52,4856346.88,https://ww5.yorkmaps.ca/webtrafficimages/loc55.jpg,https://ww5.yorkmaps.ca/webtrafficimages/loc55R.jpg,https://ww5.yorkmaps.ca/webtrafficimages/location55.html,Highway 7 and Allstate Parkway,49
619560.12,4856829.55,99,619560.12,4856829.55,https://ww5.yorkmaps.ca/webtrafficimages/loc99.jpg,https://ww5.yorkmaps.ca/webtrafficimages/loc99R.jpg,https://ww5.yorkmaps.ca/webtrafficimages/location99.html,Major Mackenzie and Keele,50
621544.87,4857569.63,100,621544.87,4857569.63,https://ww5.yorkmaps.ca/webtrafficimages/loc100.jpg,https://ww5.yorkmaps.ca/webtrafficimages/loc100R.jpg,https://ww5.yorkmaps.ca/webtrafficimages/location100.html,Major Mackenzie and Dufferin,51
610533.4272,4849623.9332,102,610533.43,4849623.93,https://ww5.yorkmaps.ca/webtrafficimages/loc102.jpg,https://ww5.yorkmaps.ca/webtrafficimages/loc102R.jpg,https://ww5.yorkmaps.ca/webtrafficimages/location102.html,Highway 27 and Langstaff,52
613647.5186,4855037.4907,173,613647.52,4855037.49,https://ww5.yorkmaps.ca/webtrafficimages/loc173.jpg,https://ww5.yorkmaps.ca/webtrafficimages/173.jpg,https://ww5.yorkmaps.ca/webtrafficimages/location173.html,Major Mackenzie Drive and Pine Valley Drive,53
614405.4103,4850920.2341,174,614405.41,4850920.23,https://ww5.yorkmaps.ca/webtrafficimages/loc174.jpg,https://ww5.yorkmaps.ca/webtrafficimages/174.jpg,https://ww5.yorkmaps.ca/webtrafficimages/location174.html,Langstaff Road and Pine Valley Drive,54
609847.9672,4855398.591,176,609847.97,4855398.59,https://ww5.yorkmaps.ca/webtrafficimages/loc176.jpg,https://ww5.yorkmaps.ca/webtrafficimages/176.jpg,https://ww5.yorkmaps.ca/webtrafficimages/location176.html,Highway 27 and Nashville Road,55
634320.0749,4855201.0004,179,634320.07,4855201,https://ww5.yorkmaps.ca/webtrafficimages/loc179.jpg,https://ww5.yorkmaps.ca/webtrafficimages/179.jpg,https://ww5.yorkmaps.ca/webtrafficimages/location179.html,14th Avenue and Warden Avenue,56
619433.18,4857508.34,213,619433.18,4857508.34,https://ww5.yorkmaps.ca/webtrafficimages/loc213.jpg,https://ww5.yorkmaps.ca/webtrafficimages/213.jpg,https://ww5.yorkmaps.ca/webtrafficimages/location213.html,Keele St. and McNaughton Rd.,57
633805.48,4857660.4,190,633805.48,4857660.4,https://ww5.yorkmaps.ca/webtrafficimages/loc190.jpg,https://ww5.yorkmaps.ca/webtrafficimages/190.jpg,https://ww5.yorkmaps.ca/webtrafficimages/location190.html,Warden and Apple Creek,58
625459.34,4854383.05,192,625459.34,4854383.05,https://ww5.yorkmaps.ca/webtrafficimages/loc192.jpg,https://ww5.yorkmaps.ca/webtrafficimages/192.jpg,https://ww5.yorkmaps.ca/webtrafficimages/location192.html,Highway 7 and Hunter's Point,59
616478.9957,4855810.8303,84,616479,4855810.83,https://ww5.yorkmaps.ca/webtrafficimages/loc84.jpg,https://ww5.yorkmaps.ca/webtrafficimages/loc84R.jpg,https://ww5.yorkmaps.ca/webtrafficimages/location84.html,Highway 400 and Major Mackenzie Drive SB,60
630320.7474,4860219.8019,85,630320.75,4860219.8,https://ww5.yorkmaps.ca/webtrafficimages/loc85.jpg,https://ww5.yorkmaps.ca/webtrafficimages/loc85R.jpg,https://ww5.yorkmaps.ca/webtrafficimages/location85.html,Highway 404 and Major Mackenzie Drive NB,61
622964.34,4855825.96,201,622964.34,4855825.96,https://ww5.yorkmaps.ca/webtrafficimages/loc201.jpg,https://ww5.yorkmaps.ca/webtrafficimages/201.jpg,https://ww5.yorkmaps.ca/webtrafficimages/location201.html,Rutherford Road & Thornhill Woods,62
622138.52,4852044.39,202,622138.52,4852044.39,https://ww5.yorkmaps.ca/webtrafficimages/loc202.jpg,https://ww5.yorkmaps.ca/webtrafficimages/202.jpg,https://ww5.yorkmaps.ca/webtrafficimages/location202.html,Highway 7 and Rivermede,63
624634.62,4858462.89,131,624634.62,4858462.89,https://ww5.yorkmaps.ca/webtrafficimages/loc131.jpg,https://ww5.yorkmaps.ca/webtrafficimages/loc131R.jpg,https://ww5.yorkmaps.ca/webtrafficimages/location131.html,Major Mackenzie Dr and Trench St,64
620642.6501,4857256.7788,134,620642.65,4857256.78,https://ww5.yorkmaps.ca/webtrafficimages/loc134.jpg,https://ww5.yorkmaps.ca/webtrafficimages/loc134R.jpg,https://ww5.yorkmaps.ca/webtrafficimages/location134.html,Major Mackenzie Dr and Peter Rupert Ave,65
639812.6,4859343.18,135,639812.6,4859343.18,https://ww5.yorkmaps.ca/webtrafficimages/loc135.jpg,https://ww5.yorkmaps.ca/webtrafficimages/loc135R.jpg,https://ww5.yorkmaps.ca/webtrafficimages/location135.html,Highway 7 and Markham Rd,66
637450.85,4860549.2605,145,637450.85,4860549.26,https://ww5.yorkmaps.ca/webtrafficimages/loc145.jpg,https://ww5.yorkmaps.ca/webtrafficimages/145.jpg,https://ww5.yorkmaps.ca/webtrafficimages/location145.html,16th Avenue and McCowan Road,67
627471.1799,4855270.78,150,627471.18,4855270.78,https://ww5.yorkmaps.ca/webtrafficimages/loc150.jpg,https://ww5.yorkmaps.ca/webtrafficimages/150.jpg,https://ww5.yorkmaps.ca/webtrafficimages/location150.html,Highway 7 and Silver Linden Drive,68
634538.1374,4857412.0669,112,634538.14,4857412.07,https://ww5.yorkmaps.ca/webtrafficimages/loc112.jpg,https://ww5.yorkmaps.ca/webtrafficimages/112.jpg,https://ww5.yorkmaps.ca/webtrafficimages/location112.html,Highway 7 & Uptown,69
618188.7507,4849896.979,115,618188.75,4849896.98,https://ww5.yorkmaps.ca/webtrafficimages/loc115.jpg,https://ww5.yorkmaps.ca/webtrafficimages/115.jpg,https://ww5.yorkmaps.ca/webtrafficimages/location115.html,Highway 7 and Edgely,70
621424.3702,4851028.6096,117,621424.37,4851028.61,https://ww5.yorkmaps.ca/webtrafficimages/loc117.jpg,https://ww5.yorkmaps.ca/webtrafficimages/117.jpg,https://ww5.yorkmaps.ca/webtrafficimages/location117.html,Highway 7 and Bowes,71
620311.8804,4852812.7404,140,620311.88,4852812.74,https://ww5.yorkmaps.ca/webtrafficimages/loc140.jpg,https://ww5.yorkmaps.ca/webtrafficimages/140.jpg,https://ww5.yorkmaps.ca/webtrafficimages/location140.html,Keele Street and Langstaff Road,72
626298.6303,4854850.669,141,626298.63,4854850.67,https://ww5.yorkmaps.ca/webtrafficimages/loc141.jpg,https://ww5.yorkmaps.ca/webtrafficimages/141.jpg,https://ww5.yorkmaps.ca/webtrafficimages/location141.html,Highway 7 and Yonge Street Ramp,73
617238.927,4856033.5007,161,617238.93,4856033.5,https://ww5.yorkmaps.ca/webtrafficimages/loc161.jpg,https://ww5.yorkmaps.ca/webtrafficimages/161.jpg,https://ww5.yorkmaps.ca/webtrafficimages/location161.html,Major Mackenzie Drive and Amusement Drive,74
619243.3909,4850250.9493,116,619243.39,4850250.95,https://ww5.yorkmaps.ca/webtrafficimages/loc116.jpg,https://ww5.yorkmaps.ca/webtrafficimages/116.jpg,https://ww5.yorkmaps.ca/webtrafficimages/location116.html,Highway 7 and Creditstone,75
615703.6904,4855647.1097,160,615703.69,4855647.11,https://ww5.yorkmaps.ca/webtrafficimages/loc160.jpg,https://ww5.yorkmaps.ca/webtrafficimages/160.jpg,https://ww5.yorkmaps.ca/webtrafficimages/location160.html,Weston Road and Major Mackenzie Drive,76
640189.82,4857374.7999,146,640189.82,4857374.8,https://ww5.yorkmaps.ca/webtrafficimages/loc146.jpg,https://ww5.yorkmaps.ca/webtrafficimages/146.jpg,https://ww5.yorkmaps.ca/webtrafficimages/location146.html,14th Avenue and Markham Road,77
629626.03,4857862.6,94,629626.03,4857862.6,https://ww5.yorkmaps.ca/webtrafficimages/loc94.jpg,https://ww5.yorkmaps.ca/webtrafficimages/loc94R.jpg,https://ww5.yorkmaps.ca/webtrafficimages/location94.html,Leslie and 16th,78
622861.57,4872976.1,1,622861.57,4872976.1,https://ww5.yorkmaps.ca/webtrafficimages/loc1.jpg,https://ww5.yorkmaps.ca/webtrafficimages/loc1R.jpg,https://ww5.yorkmaps.ca/webtrafficimages/location1.html,Yonge St and Wellington St,79
617984.96,4856358.02,122,617984.96,4856358.02,https://ww5.yorkmaps.ca/webtrafficimages/loc122.jpg,https://ww5.yorkmaps.ca/webtrafficimages/loc122R.jpg,https://ww5.yorkmaps.ca/webtrafficimages/location122.html,Major Mackenzie Dr and Melville Ave,80
628848.1001,4859709.35,129,628848.1,4859709.35,https://ww5.yorkmaps.ca/webtrafficimages/loc129.jpg,https://ww5.yorkmaps.ca/webtrafficimages/loc129R.jpg,https://ww5.yorkmaps.ca/webtrafficimages/location129.html,Major Mackenzie Dr and Forestwood St,81
626572.85,4859089.95,130,626572.85,4859089.95,https://ww5.yorkmaps.ca/webtrafficimages/loc130.jpg,https://ww5.yorkmaps.ca/webtrafficimages/loc130R.jpg,https://ww5.yorkmaps.ca/webtrafficimages/location130.html,Major Mackenzie Dr and Newkirk Rd,82
614018.1806,4852984.0302,142,614018.18,4852984.03,https://ww5.yorkmaps.ca/webtrafficimages/loc142.jpg,https://ww5.yorkmaps.ca/webtrafficimages/142.jpg,https://ww5.yorkmaps.ca/webtrafficimages/location142.html,Rutherford Road & Pine Valley Drive,83
615326.04,4849044.96,219,615326.04,4849044.96,https://ww5.yorkmaps.ca/webtrafficimages/loc219.jpg,https://ww5.yorkmaps.ca/webtrafficimages/loc219R.jpg,https://ww5.yorkmaps.ca/webtrafficimages/location219.html,Highway 7 at Aberdeen/Marycroft,84
616178.14,4849297.55,220,616178.14,4849297.55,https://ww5.yorkmaps.ca/webtrafficimages/loc220.jpg,https://ww5.yorkmaps.ca/webtrafficimages/loc220R.jpg,https://ww5.yorkmaps.ca/webtrafficimages/location220.html,Highway 7 at Ansley Grove,85
617344.33,4849674.91,221,617344.33,4849674.91,https://ww5.yorkmaps.ca/webtrafficimages/loc221.jpg,https://ww5.yorkmaps.ca/webtrafficimages/loc221R.jpg,https://ww5.yorkmaps.ca/webtrafficimages/location221.html,Highway 7 at Colossus/Highway 400 SB Offramp,86
617779.6784,4849785.5123,222,617779.68,4849785.51,https://ww5.yorkmaps.ca/webtrafficimages/loc222.jpg,https://ww5.yorkmaps.ca/webtrafficimages/loc222R.jpg,https://ww5.yorkmaps.ca/webtrafficimages/location222.html,Highway 7 at Applewood/Highway 400 NB Offramp,87
622053.8099,4851497.47,223,622053.81,4851497.47,https://ww5.yorkmaps.ca/webtrafficimages/loc223.jpg,https://ww5.yorkmaps.ca/webtrafficimages/loc223R.jpg,https://ww5.yorkmaps.ca/webtrafficimages/location223.html,Highway 7 at Centre / North Rivermede,88
623793.8414,4851766.2102,224,623793.84,4851766.21,https://ww5.yorkmaps.ca/webtrafficimages/loc224.jpg,https://ww5.yorkmaps.ca/webtrafficimages/loc224R.jpg,https://ww5.yorkmaps.ca/webtrafficimages/location224.html,Centre Street at Taiga Drive,89
633898.8887,4857209.8496,236,633898.89,4857209.85,https://ww5.yorkmaps.ca/webtrafficimages/loc236.jpg,https://ww5.yorkmaps.ca/webtrafficimages/loc236.jpg,https://ww5.yorkmaps.ca/webtrafficimages/location236.html,Highway 7 & Warden Avenue,90
611274.6805,4852074.3604,244,611274.68,4852074.36,https://ww5.yorkmaps.ca/webtrafficimages/loc244.jpg,https://ww5.yorkmaps.ca/webtrafficimages/loc244.jpg,https://ww5.yorkmaps.ca/webtrafficimages/location244.html,Rutherford Rd at Napa Valley Avenue/Vaughan Mills Road,91
643443.4694,4860373.2607,237,643443.47,4860373.26,https://ww5.yorkmaps.ca/webtrafficimages/loc237.jpg,https://ww5.yorkmaps.ca/webtrafficimages/loc237.jpg,https://ww5.yorkmaps.ca/webtrafficimages/location237.html,Highway 7 & Donald Cousens Parkway,92
611142.7301,4854191.8505,238,611142.73,4854191.85,https://ww5.yorkmaps.ca/webtrafficimages/loc238.jpg,https://ww5.yorkmaps.ca/webtrafficimages/loc238.jpg,https://ww5.yorkmaps.ca/webtrafficimages/location238.html,Major Mackenzie Drive West & Islington Avenue,93
643359.6349,4858131.5348,231,643359.63,4858131.53,https://ww5.yorkmaps.ca/webtrafficimages/loc231.jpg,https://ww5.yorkmaps.ca/webtrafficimages/loc231.jpg,https://ww5.yorkmaps.ca/webtrafficimages/location231.html,Donald Cousens Parkway & 14th Avenue,94
622862.7828,4853381.8318,234,622862.78,4853381.83,https://ww5.yorkmaps.ca/webtrafficimages/loc234.jpg,https://ww5.yorkmaps.ca/webtrafficimages/loc234.jpg,https://ww5.yorkmaps.ca/webtrafficimages/location234.html,Highway 7 & Langstaff Road,95
640980.1602,4863991.6719,252,640980.16,4863991.67,https://ww5.yorkmaps.ca/webtrafficimages/loc252.jpg,https://ww5.yorkmaps.ca/webtrafficimages/loc252.jpg,https://ww5.yorkmaps.ca/webtrafficimages/location252.html,Major Mackenzie Dr at Ninth Line,96
632370.5697,4858763.6007,248,632370.57,4858763.6,https://ww5.yorkmaps.ca/webtrafficimages/loc248.jpg,https://ww5.yorkmaps.ca/webtrafficimages/loc248.jpg,https://ww5.yorkmaps.ca/webtrafficimages/location248.html,16th Avenue at Rodick Road,97
615161.2402,4853330.7406,249,615161.24,4853330.74,https://ww5.yorkmaps.ca/webtrafficimages/loc249.jpg,https://ww5.yorkmaps.ca/webtrafficimages/loc249.jpg,https://ww5.yorkmaps.ca/webtrafficimages/location249.html,Rutherford Road & Saint Claire Boulevard/Velmar Drive,98
638673.3754,4865298.4805,251,638673.38,4865298.48,https://ww5.yorkmaps.ca/webtrafficimages/loc251.jpg,https://ww5.yorkmaps.ca/webtrafficimages/loc251.jpg,https://ww5.yorkmaps.ca/webtrafficimages/location251.html,Highway 48 at Elgin Mills Rd,99
609348.0537,4847061.6184,253,609348.05,4847061.62,https://ww5.yorkmaps.ca/webtrafficimages/loc253.jpg,https://ww5.yorkmaps.ca/webtrafficimages/loc253.jpg,https://ww5.yorkmaps.ca/webtrafficimages/location253.html,Highway 7 at New Huntington Road,100
643132.7205,4862401.8596,279,643132.72,4862401.86,https://ww5.yorkmaps.ca/webtrafficimages/loc279.jpg,https://ww5.yorkmaps.ca/webtrafficimages/279.jpg,https://ww5.yorkmaps.ca/webtrafficimages/location279.html,Donald Cousens Parkway at 16th Ave ,101
645001.68,4901987.29,312,645001.68,4901987.29,https://ww5.yorkmaps.ca/webtrafficimages/loc312.jpg,https://ww5.yorkmaps.ca/webtrafficimages/loc312R.jpg,https://ww5.yorkmaps.ca/webtrafficimages/location312.html,Ravenshoe Road & Victoria Road,102
642233.5197,4857812.5613,292,642233.52,4857812.56,https://ww5.yorkmaps.ca/webtrafficimages/loc292.jpg,https://ww5.yorkmaps.ca/webtrafficimages/loc292R.jpg,https://ww5.yorkmaps.ca/webtrafficimages/location292.html,Ninth Line at 14th Ave,103
639862.8627,4861489.0435,293,639862.86,4861489.04,https://ww5.yorkmaps.ca/webtrafficimages/loc293.jpg,https://ww5.yorkmaps.ca/webtrafficimages/loc293R.jpg,https://ww5.yorkmaps.ca/webtrafficimages/location293.html,16th at Fincham,104
624951.1378,4856436.5696,301,624951.14,4856436.57,https://ww5.yorkmaps.ca/webtrafficimages/loc301.jpg,https://ww5.yorkmaps.ca/webtrafficimages/loc301R.jpg,https://ww5.yorkmaps.ca/webtrafficimages/location301.html,Carrville Rd and Avenue Rd,105
621343.9602,4853134.7923,306,621343.96,4853134.79,https://ww5.yorkmaps.ca/webtrafficimages/loc306.jpg,https://ww5.yorkmaps.ca/webtrafficimages/loc306R.jpg,https://ww5.yorkmaps.ca/webtrafficimages/location306.html,Langstaff Road and Connie Crescent/Spinnaker Way,106
616056.6144,4853776.3471,317,616056.61,4853776.35,https://ww5.yorkmaps.ca/webtrafficimages/loc317.jpg,https://ww5.yorkmaps.ca/webtrafficimages/loc317R.jpg,https://ww5.yorkmaps.ca/webtrafficimages/location317.html,Weston Rd and Hawkview Blvd / Commercial Ent,107
617608.4731,4851863.8371,305,617608.47,4851863.84,https://ww5.yorkmaps.ca/webtrafficimages/loc305.jpg,https://ww5.yorkmaps.ca/webtrafficimages/loc305R.jpg,https://ww5.yorkmaps.ca/webtrafficimages/location305.html,Langstaff Rd and Edgeley Blvd,108
623067.5311,4857997.9735,308,623067.53,4857997.97,https://ww5.yorkmaps.ca/webtrafficimages/loc308.jpg,https://ww5.yorkmaps.ca/webtrafficimages/loc308R.jpg,https://ww5.yorkmaps.ca/webtrafficimages/location308.html,Major Mackenzie Dr and Ilan Ramon Blvd,109
608165.9992,4851041.1786,313,608166,4851041.18,https://ww5.yorkmaps.ca/webtrafficimages/loc313.jpg,https://ww5.yorkmaps.ca/webtrafficimages/loc313R.jpg,https://ww5.yorkmaps.ca/webtrafficimages/location313.html,Rutherford Road and Huntington Road,110
645380.2664,4862265.1973,322,645380.27,4862265.2,https://ww5.yorkmaps.ca/webtrafficimages/loc322.jpg,https://ww5.yorkmaps.ca/webtrafficimages/loc322R.jpg,https://ww5.yorkmaps.ca/webtrafficimages/location322.html,Highway 7 at York-Durham Line,111
639636.06,4857046.82,291,639636.06,4857046.82,https://ww5.yorkmaps.ca/webtrafficimages/loc291.jpg,https://ww5.yorkmaps.ca/webtrafficimages/loc291R.jpg,https://ww5.yorkmaps.ca/webtrafficimages/location291.html,14th Avenue & Canfield Drive/Vanni Avenue,112
636226.7687,4860117.964,327,636226.77,4860117.96,https://ww5.yorkmaps.ca/webtrafficimages/loc327.jpg,https://ww5.yorkmaps.ca/webtrafficimages/327.jpg,https://ww5.yorkmaps.ca/webtrafficimages/location327.html,16th Avenue at Longwater Chase/William Berczy Boulevard,113
607395.5251,4855073.5099,335,607395.53,4855073.51,https://ww5.yorkmaps.ca/webtrafficimages/loc335.jpg,https://ww5.yorkmaps.ca/webtrafficimages/335.jpg,https://ww5.yorkmaps.ca/webtrafficimages/location335.html,Nashville Road at Huntington Road,114
639901.2266,4863619.6665,344,639901.23,4863619.67,https://ww5.yorkmaps.ca/webtrafficimages/loc344.jpg,https://ww5.yorkmaps.ca/webtrafficimages/loc344R.jpg,https://ww5.yorkmaps.ca/webtrafficimages/location344.html,Major Mackenzie Drive and Donald Cousens Parkway,115
644369.4255,4865054.944,349,644369.43,4865054.94,https://ww5.yorkmaps.ca/webtrafficimages/loc349.jpg,https://ww5.yorkmaps.ca/webtrafficimages/loc349R.jpg,https://ww5.yorkmaps.ca/webtrafficimages/location349.html,Major Mackenzie Drive and York-Durham Line ,116
621919.5998,4878045.1601,23,621919.6,4878045.16,https://ww5.yorkmaps.ca/webtrafficimages/loc23.jpg,https://ww5.yorkmaps.ca/webtrafficimages/loc23R.jpg,https://ww5.yorkmaps.ca/webtrafficimages/location23.html,Yonge Street and Eagle Street,117
617974.501,4854138.165,24,617974.5,4854138.17,https://ww5.yorkmaps.ca/webtrafficimages/loc24.jpg,https://ww5.yorkmaps.ca/webtrafficimages/loc24R.jpg,https://ww5.yorkmaps.ca/webtrafficimages/location24.html,Jane Street and Rutherford Road,118
625184.6528,4860790.9122,42,625184.65,4860790.91,https://ww5.yorkmaps.ca/webtrafficimages/loc42.jpg,https://ww5.yorkmaps.ca/webtrafficimages/loc42R.jpg,https://ww5.yorkmaps.ca/webtrafficimages/location42.html,Yonge Street and Elgin Mills Road,119
608188.9161,4861874.8087,76,608188.92,4861874.81,https://ww5.yorkmaps.ca/webtrafficimages/loc76.jpg,https://ww5.yorkmaps.ca/webtrafficimages/loc76R.jpg,https://ww5.yorkmaps.ca/webtrafficimages/location76.html,King Road and Highway 27,120
617821.5548,4854946.6788,75,617821.55,4854946.68,https://ww5.yorkmaps.ca/webtrafficimages/loc75.jpg,https://ww5.yorkmaps.ca/webtrafficimages/loc75R.jpg,https://ww5.yorkmaps.ca/webtrafficimages/location75.html,Jane and Springside,121
639151.2094,4874049.3927,79,639151.21,4874049.39,https://ww5.yorkmaps.ca/webtrafficimages/loc79.jpg,https://ww5.yorkmaps.ca/webtrafficimages/loc79R.jpg,https://ww5.yorkmaps.ca/webtrafficimages/location79.html,Bloomington Road and Ninth Line,122
629401.9534,4866491.0881,80,629401.95,4866491.09,https://ww5.yorkmaps.ca/webtrafficimages/loc80.jpg,https://ww5.yorkmaps.ca/webtrafficimages/loc80R.jpg,https://ww5.yorkmaps.ca/webtrafficimages/location80.html,Stouffville Road and Highway 404 NB Off ramp,123
626348.4721,4880618.1237,81,626348.47,4880618.12,https://ww5.yorkmaps.ca/webtrafficimages/loc81.jpg,https://ww5.yorkmaps.ca/webtrafficimages/loc81R.jpg,https://ww5.yorkmaps.ca/webtrafficimages/location81.html,Davis Drive and Highway 404 SB Off Ramp/Commuter Lot,124
631524.0023,4906339.4931,82,631524,4906339.49,https://ww5.yorkmaps.ca/webtrafficimages/loc82.jpg,https://ww5.yorkmaps.ca/webtrafficimages/loc82R.jpg,https://ww5.yorkmaps.ca/webtrafficimages/location82.html,High Street and Highway 48,125
615280.1447,4864111.5554,83,615280.14,4864111.56,https://ww5.yorkmaps.ca/webtrafficimages/loc83.jpg,https://ww5.yorkmaps.ca/webtrafficimages/loc83R.jpg,https://ww5.yorkmaps.ca/webtrafficimages/location83.html,Highway 400 and King Rd,126
626189.2792,4855465.0257,28,626189.28,4855465.03,https://ww5.yorkmaps.ca/webtrafficimages/loc28.jpg,https://ww5.yorkmaps.ca/webtrafficimages/loc28R.jpg,https://ww5.yorkmaps.ca/webtrafficimages/location28.html,Yonge Street and High Tech Road,127
628033.7737,4855626.6235,25,628033.77,4855626.62,https://ww5.yorkmaps.ca/webtrafficimages/loc25.jpg,https://ww5.yorkmaps.ca/webtrafficimages/loc25R.jpg,https://ww5.yorkmaps.ca/webtrafficimages/location25.html,Bayview Ave and Creswick/Highway 7 Ramp,128
623250.3115,4879591.9545,16,623250.31,4879591.95,https://ww5.yorkmaps.ca/webtrafficimages/loc16.jpg,https://ww5.yorkmaps.ca/webtrafficimages/loc16R.jpg,https://ww5.yorkmaps.ca/webtrafficimages/location16.html,Davis Drive and Main Street,129
622385.57,4879304.17,111,622385.57,4879304.17,https://ww5.yorkmaps.ca/webtrafficimages/loc111.jpg,https://ww5.yorkmaps.ca/webtrafficimages/loc111R.jpg,https://ww5.yorkmaps.ca/webtrafficimages/location111.html,Davis Drive and Parkside,130
623817.12,4899360.79,109,623817.12,4899360.79,https://ww5.yorkmaps.ca/webtrafficimages/loc109.jpg,https://ww5.yorkmaps.ca/webtrafficimages/loc109R.jpg,https://ww5.yorkmaps.ca/webtrafficimages/location109.html,Woodbine and Morton,131
618705.2464,4850066.7595,3,618705.25,4850066.76,https://ww5.yorkmaps.ca/webtrafficimages/loc3.jpg,https://ww5.yorkmaps.ca/webtrafficimages/loc3R.jpg,https://ww5.yorkmaps.ca/webtrafficimages/location3.html,Highway 7 and Jane Street,132
616866.9172,4849506.9645,7,616866.92,4849506.96,https://ww5.yorkmaps.ca/webtrafficimages/loc7.jpg,https://ww5.yorkmaps.ca/webtrafficimages/loc7R.jpg,https://ww5.yorkmaps.ca/webtrafficimages/location7.html,Highway 7 and Weston Road,133
626570.7388,4853400.8073,12,626570.74,4853400.81,https://ww5.yorkmaps.ca/webtrafficimages/loc12.jpg,https://ww5.yorkmaps.ca/webtrafficimages/loc12R.jpg,https://ww5.yorkmaps.ca/webtrafficimages/location12.html,Yonge Street and Royal Orchard Drive,134
621726.554,4879087.1227,13,621726.55,4879087.12,https://ww5.yorkmaps.ca/webtrafficimages/loc13.jpg,https://ww5.yorkmaps.ca/webtrafficimages/loc13R.jpg,https://ww5.yorkmaps.ca/webtrafficimages/location13.html,Yonge Street and Davis Drive,135
625581.6027,4880374.9148,14,625581.6,4880374.91,https://ww5.yorkmaps.ca/webtrafficimages/loc14.jpg,https://ww5.yorkmaps.ca/webtrafficimages/loc14R.jpg,https://ww5.yorkmaps.ca/webtrafficimages/location14.html,Davis Drive and Leslie Street,136
621330.0936,4881085.6529,15,621330.09,4881085.65,https://ww5.yorkmaps.ca/webtrafficimages/loc15.jpg,https://ww5.yorkmaps.ca/webtrafficimages/loc15R.jpg,https://ww5.yorkmaps.ca/webtrafficimages/location15.html,Yonge Street and Green Lane,137
637845.5205,4858550.605,5,637845.52,4858550.61,https://ww5.yorkmaps.ca/webtrafficimages/loc5.jpg,https://ww5.yorkmaps.ca/webtrafficimages/loc5R.jpg,https://ww5.yorkmaps.ca/webtrafficimages/location5.html,Highway 7 and McCowan Road,138
621875.24,4866210.95,104,621875.24,4866210.95,https://ww5.yorkmaps.ca/webtrafficimages/loc104.jpg,https://ww5.yorkmaps.ca/webtrafficimages/loc104R.jpg,https://ww5.yorkmaps.ca/webtrafficimages/location104.html,King and Bathurst,139
614169.2,4863725.25,105,614169.2,4863725.25,https://ww5.yorkmaps.ca/webtrafficimages/loc105.jpg,https://ww5.yorkmaps.ca/webtrafficimages/loc105R.jpg,https://ww5.yorkmaps.ca/webtrafficimages/location105.html,King and Weston,140
634076.27,4856400.27,89,634076.27,4856400.27,https://ww5.yorkmaps.ca/webtrafficimages/loc89.jpg,https://ww5.yorkmaps.ca/webtrafficimages/loc89R.jpg,https://ww5.yorkmaps.ca/webtrafficimages/location89.html,Warden Avenue and Enterprise Boulevard,141
623904.2623,4878766.1687,164,623904.26,4878766.17,https://ww5.yorkmaps.ca/webtrafficimages/loc164.jpg,https://ww5.yorkmaps.ca/webtrafficimages/164.jpg,https://ww5.yorkmaps.ca/webtrafficimages/location164.html,Gorham Street and Prospect Street,142
627097.4125,4874421.8965,166,627097.41,4874421.9,https://ww5.yorkmaps.ca/webtrafficimages/loc166.jpg,https://ww5.yorkmaps.ca/webtrafficimages/166.jpg,https://ww5.yorkmaps.ca/webtrafficimages/location166.html,Wellington Street and First Commerce,143
622717.0648,4894486.9734,168,622717.06,4894486.97,https://ww5.yorkmaps.ca/webtrafficimages/loc168.jpg,https://ww5.yorkmaps.ca/webtrafficimages/168.jpg,https://ww5.yorkmaps.ca/webtrafficimages/location168.html,Ravenshoe Road & The Queensway,144
625134.9776,4871565.354,170,625134.98,4871565.35,https://ww5.yorkmaps.ca/webtrafficimages/loc170.jpg,https://ww5.yorkmaps.ca/webtrafficimages/170.jpg,https://ww5.yorkmaps.ca/webtrafficimages/location170.html,Bayview Avenue and Vandorf Sideroad,145
622546.6035,4898969.3913,177,622546.6,4898969.39,https://ww5.yorkmaps.ca/webtrafficimages/loc177.jpg,https://ww5.yorkmaps.ca/webtrafficimages/177.jpg,https://ww5.yorkmaps.ca/webtrafficimages/location177.html,The Queensway South and Morton Avenue,146
639829.9622,4869943.9697,181,639829.96,4869943.97,https://ww5.yorkmaps.ca/webtrafficimages/loc181.jpg,https://ww5.yorkmaps.ca/webtrafficimages/181.jpg,https://ww5.yorkmaps.ca/webtrafficimages/location181.html,Stouffville Road and Ninth Line,147
627458.4916,4858523.5271,183,627458.49,4858523.53,https://ww5.yorkmaps.ca/webtrafficimages/loc183.jpg,https://ww5.yorkmaps.ca/webtrafficimages/183.jpg,https://ww5.yorkmaps.ca/webtrafficimages/location183.html,Bayview Avenue and Weldrick Road,148
627126.928,4883017.0601,186,627126.93,4883017.06,https://ww5.yorkmaps.ca/webtrafficimages/loc186.jpg,https://ww5.yorkmaps.ca/webtrafficimages/186.jpg,https://ww5.yorkmaps.ca/webtrafficimages/location186.html,Woodbine Avenue and Green Lane / Herald Road,149
629020.85,4860901.43,203,629020.85,4860901.43,https://ww5.yorkmaps.ca/webtrafficimages/loc203.jpg,https://ww5.yorkmaps.ca/webtrafficimages/203.jpg,https://ww5.yorkmaps.ca/webtrafficimages/location203.html,Leslie and Via Renzo Dr./Princeton Ave.,150
628580.09,4852970.2465,45,628580.09,4852970.25,https://ww5.yorkmaps.ca/webtrafficimages/loc45.jpg,https://ww5.yorkmaps.ca/webtrafficimages/loc45R.jpg,https://ww5.yorkmaps.ca/webtrafficimages/location45.html,Bayview Ave and John Street,151
624679.645,4895125.6414,46,624679.65,4895125.64,https://ww5.yorkmaps.ca/webtrafficimages/loc46.jpg,https://ww5.yorkmaps.ca/webtrafficimages/loc46R.jpg,https://ww5.yorkmaps.ca/webtrafficimages/location46.html,Woodbine Ave and Ravenshoe Road,152
624807.5901,4851222.723,49,624807.59,4851222.72,https://ww5.yorkmaps.ca/webtrafficimages/loc49.jpg,https://ww5.yorkmaps.ca/webtrafficimages/loc49R.jpg,https://ww5.yorkmaps.ca/webtrafficimages/location49.html,Bathurst Street and Clark Ave,153
625167.3867,4882409.9227,51,625167.39,4882409.92,https://ww5.yorkmaps.ca/webtrafficimages/loc51.jpg,https://ww5.yorkmaps.ca/webtrafficimages/loc51R.jpg,https://ww5.yorkmaps.ca/webtrafficimages/location51.html,Leslie Street and Green Lane,154
626918.0481,4861268.8224,52,626918.05,4861268.82,https://ww5.yorkmaps.ca/webtrafficimages/loc52.jpg,https://ww5.yorkmaps.ca/webtrafficimages/loc52R.jpg,https://ww5.yorkmaps.ca/webtrafficimages/location52.html,Bayview Ave and Elgin Mills Road,155
625982.48,4878348.02,108,625982.48,4878348.02,https://ww5.yorkmaps.ca/webtrafficimages/loc108.jpg,https://ww5.yorkmaps.ca/webtrafficimages/loc108R.jpg,https://ww5.yorkmaps.ca/webtrafficimages/location108.html,Leslie and Mulock,156
624017.4009,4879852.5023,110,624017.4,4879852.5,https://ww5.yorkmaps.ca/webtrafficimages/loc110.jpg,https://ww5.yorkmaps.ca/webtrafficimages/loc110R.jpg,https://ww5.yorkmaps.ca/webtrafficimages/location110.html,Davis Drive and The Hospital,157
621529.8454,4880326.3512,9,621529.85,4880326.35,https://ww5.yorkmaps.ca/webtrafficimages/loc9.jpg,https://ww5.yorkmaps.ca/webtrafficimages/loc9R.jpg,https://ww5.yorkmaps.ca/webtrafficimages/location9.html,Yonge Street and London Road,158
636403.04,4857684.3299,68,636403.04,4857684.33,https://ww5.yorkmaps.ca/webtrafficimages/loc68.jpg,https://ww5.yorkmaps.ca/webtrafficimages/loc68R.jpg,https://ww5.yorkmaps.ca/webtrafficimages/location68.html,Kennedy Road and Avoca Drive,159
625015.1,4880184.1,69,625015.1,4880184.1,https://ww5.yorkmaps.ca/webtrafficimages/loc69.jpg,https://ww5.yorkmaps.ca/webtrafficimages/loc69R.jpg,https://ww5.yorkmaps.ca/webtrafficimages/location69.html,Davis Drive and Ashton Road and Carlson Drive,160
618964.2718,4848755.9643,88,618964.27,4848755.96,https://ww5.yorkmaps.ca/webtrafficimages/loc88.jpg,https://ww5.yorkmaps.ca/webtrafficimages/loc88R.jpg,https://ww5.yorkmaps.ca/webtrafficimages/location88.html,Jane Street and 407 Station,161
623523.1193,4858126.5796,35,623523.12,4858126.58,https://ww5.yorkmaps.ca/webtrafficimages/loc35.jpg,https://ww5.yorkmaps.ca/webtrafficimages/loc35R.jpg,https://ww5.yorkmaps.ca/webtrafficimages/location35.html,Bathurst Street and Major Mackenzie Drive,162
617102.82,4848197.14,206,617102.82,4848197.14,https://ww5.yorkmaps.ca/webtrafficimages/loc206.jpg,https://ww5.yorkmaps.ca/webtrafficimages/206.jpg,https://ww5.yorkmaps.ca/webtrafficimages/location206.html,Weston and Century / Aviva Park,163
627496.61,4870126.64,210,627496.61,4870126.64,https://ww5.yorkmaps.ca/webtrafficimages/loc210.jpg,https://ww5.yorkmaps.ca/webtrafficimages/210.jpg,https://ww5.yorkmaps.ca/webtrafficimages/location210.html,Leslie St. and Bloomington Rd.,164
637248.04,4861601.04,209,637248.04,4861601.04,https://ww5.yorkmaps.ca/webtrafficimages/loc209.jpg,https://ww5.yorkmaps.ca/webtrafficimages/209.jpg,https://ww5.yorkmaps.ca/webtrafficimages/location209.html,McCowan Rd. and Bur Oak Ave.,165
641384.08,4862017.87,101,641384.08,4862017.87,https://ww5.yorkmaps.ca/webtrafficimages/loc101.jpg,https://ww5.yorkmaps.ca/webtrafficimages/loc101R.jpg,https://ww5.yorkmaps.ca/webtrafficimages/location101.html,Ninth Line and 16th Avenue,166
636025.82,4856982.45,40,636025.82,4856982.45,https://ww5.yorkmaps.ca/webtrafficimages/loc40.jpg,https://ww5.yorkmaps.ca/webtrafficimages/loc40R.jpg,https://ww5.yorkmaps.ca/webtrafficimages/location40.html,Kennedy Road and Helen Avenue,167
622108.6001,4877032.13,50,622108.6,4877032.13,https://ww5.yorkmaps.ca/webtrafficimages/loc50.jpg,https://ww5.yorkmaps.ca/webtrafficimages/loc50R.jpg,https://ww5.yorkmaps.ca/webtrafficimages/location50.html,Yonge Street and Mulock Drive,168
618044.74,4853774.31,98,618044.74,4853774.31,https://ww5.yorkmaps.ca/webtrafficimages/loc98.jpg,https://ww5.yorkmaps.ca/webtrafficimages/loc98R.jpg,https://ww5.yorkmaps.ca/webtrafficimages/location98.html,Jane and Riverock,169
635401.2953,4888005.7424,189,635401.3,4888005.74,https://ww5.yorkmaps.ca/webtrafficimages/loc189.jpg,https://ww5.yorkmaps.ca/webtrafficimages/189.jpg,https://ww5.yorkmaps.ca/webtrafficimages/location189.html,Mount Albert Road and Centre Street,170
618577.3579,4858687.4231,165,618577.36,4858687.42,https://ww5.yorkmaps.ca/webtrafficimages/loc165.jpg,https://ww5.yorkmaps.ca/webtrafficimages/165.jpg,https://ww5.yorkmaps.ca/webtrafficimages/location165.html,Teston Road and St. Joan of Arc,171
620731.9252,4872311.7663,167,620731.93,4872311.77,https://ww5.yorkmaps.ca/webtrafficimages/loc167.jpg,https://ww5.yorkmaps.ca/webtrafficimages/167.jpg,https://ww5.yorkmaps.ca/webtrafficimages/location167.html,Bathurst Street and Wellington Street,172
629410.3286,4870829.9043,169,629410.33,4870829.9,https://ww5.yorkmaps.ca/webtrafficimages/loc169.jpg,https://ww5.yorkmaps.ca/webtrafficimages/169.jpg,https://ww5.yorkmaps.ca/webtrafficimages/location169.html,Bloomington Road and Woodbine Avenue,173
624757.9359,4884423.2181,171,624757.94,4884423.22,https://ww5.yorkmaps.ca/webtrafficimages/loc171.jpg,https://ww5.yorkmaps.ca/webtrafficimages/171.jpg,https://ww5.yorkmaps.ca/webtrafficimages/location171.html,Leslie Street and Mount Albert Road South,174
641265.5184,4862845.6893,184,641265.52,4862845.69,https://ww5.yorkmaps.ca/webtrafficimages/loc184.jpg,https://ww5.yorkmaps.ca/webtrafficimages/184.jpg,https://ww5.yorkmaps.ca/webtrafficimages/location184.html,Ninth Line and Donald Cousens Road,175
628705.4164,4852305.4624,185,628705.42,4852305.46,https://ww5.yorkmaps.ca/webtrafficimages/loc185.jpg,https://ww5.yorkmaps.ca/webtrafficimages/185.jpg,https://ww5.yorkmaps.ca/webtrafficimages/location185.html,Bayview Avenue and Laureleaf Raod,176
630373.4252,4907621.7333,187,630373.43,4907621.73,https://ww5.yorkmaps.ca/webtrafficimages/loc187.jpg,https://ww5.yorkmaps.ca/webtrafficimages/187.jpg,https://ww5.yorkmaps.ca/webtrafficimages/location187.html,Dalton Road and Black River Road,177
620363.9717,4874360.8235,188,620363.97,4874360.82,https://ww5.yorkmaps.ca/webtrafficimages/loc188.jpg,https://ww5.yorkmaps.ca/webtrafficimages/188.jpg,https://ww5.yorkmaps.ca/webtrafficimages/location188.html,St. Johns Sideroad and Bathurst Street,178
620490.611,4876504.6137,172,620490.61,4876504.61,https://ww5.yorkmaps.ca/webtrafficimages/loc172.jpg,https://ww5.yorkmaps.ca/webtrafficimages/172.jpg,https://ww5.yorkmaps.ca/webtrafficimages/location172.html,Bathurst Street and Mulock Drive,179
619187.0752,4858879.191,175,619187.08,4858879.19,https://ww5.yorkmaps.ca/webtrafficimages/loc175.jpg,https://ww5.yorkmaps.ca/webtrafficimages/175.jpg,https://ww5.yorkmaps.ca/webtrafficimages/location175.html,Keele Street and Teston Road,180
631849.3944,4867287.0082,182,631849.39,4867287.01,https://ww5.yorkmaps.ca/webtrafficimages/loc182.jpg,https://ww5.yorkmaps.ca/webtrafficimages/182.jpg,https://ww5.yorkmaps.ca/webtrafficimages/location182.html,Stouffville Road and Warden Avenue,181
618762.77,4849548.32,214,618762.77,4849548.32,https://ww5.yorkmaps.ca/webtrafficimages/loc214.jpg,https://ww5.yorkmaps.ca/webtrafficimages/214.jpg,https://ww5.yorkmaps.ca/webtrafficimages/location214.html,Jane St. and Interchange Way / Peelar Rd.,182
627009.7139,4851073.9396,48,627009.71,4851073.94,https://ww5.yorkmaps.ca/webtrafficimages/loc48.jpg,https://ww5.yorkmaps.ca/webtrafficimages/loc48R.jpg,https://ww5.yorkmaps.ca/webtrafficimages/location48.html,Yonge Street and Meadowview Ave,183
612760.2429,4876141.5204,215,612760.24,4876141.52,https://ww5.yorkmaps.ca/webtrafficimages/loc215.jpg,https://ww5.yorkmaps.ca/webtrafficimages/215.jpg,https://ww5.yorkmaps.ca/webtrafficimages/location215.html,Highway 9 and Highway 400 NB Offramp,184
616675.17,4850516.49,216,616675.17,4850516.49,https://ww5.yorkmaps.ca/webtrafficimages/loc216.jpg,https://ww5.yorkmaps.ca/webtrafficimages/216.jpg,https://ww5.yorkmaps.ca/webtrafficimages/location216.html,Weston Rd. and Carlauren Rd./ Chancellor Dr.,185
634036.99,4868035.49,217,634036.99,4868035.49,https://ww5.yorkmaps.ca/webtrafficimages/loc217.jpg,https://ww5.yorkmaps.ca/webtrafficimages/217.jpg,https://ww5.yorkmaps.ca/webtrafficimages/location217.html,Kennedy Rd. and Stouffville Rd. ,186
622628.6303,4896597.8594,155,622628.63,4896597.86,https://ww5.yorkmaps.ca/webtrafficimages/loc155.jpg,https://ww5.yorkmaps.ca/webtrafficimages/155.jpg,https://ww5.yorkmaps.ca/webtrafficimages/location155.html,The Queensway and Glenwoods Avenue,187
623893.6194,4867500.9994,120,623893.62,4867501,https://ww5.yorkmaps.ca/webtrafficimages/loc120.jpg,https://ww5.yorkmaps.ca/webtrafficimages/120.jpg,https://ww5.yorkmaps.ca/webtrafficimages/location120.html,Yonge Street and Elm Grove Avenue,188
627981.8906,4866042.3896,149,627981.89,4866042.39,https://ww5.yorkmaps.ca/webtrafficimages/loc149.jpg,https://ww5.yorkmaps.ca/webtrafficimages/149.jpg,https://ww5.yorkmaps.ca/webtrafficimages/location149.html,Leslie Street and Stouffville Road,189
619980.4017,4865597.8976,153,619980.4,4865597.9,https://ww5.yorkmaps.ca/webtrafficimages/loc153.jpg,https://ww5.yorkmaps.ca/webtrafficimages/153.jpg,https://ww5.yorkmaps.ca/webtrafficimages/location153.html,King Road and Dufferin Street,190
632391.0401,4854493.5898,156,632391.04,4854493.59,https://ww5.yorkmaps.ca/webtrafficimages/loc156.jpg,https://ww5.yorkmaps.ca/webtrafficimages/156.jpg,https://ww5.yorkmaps.ca/webtrafficimages/location156.html,Woodbine Avenue and 14th Avenue,191
625514.6303,4869504.0498,152,625514.63,4869504.05,https://ww5.yorkmaps.ca/webtrafficimages/loc152.jpg,https://ww5.yorkmaps.ca/webtrafficimages/152.jpg,https://ww5.yorkmaps.ca/webtrafficimages/location152.html,Bloomington Road and Bayview Avenue,192
626528.9495,4863206.1596,113,626528.95,4863206.16,https://ww5.yorkmaps.ca/webtrafficimages/loc113.jpg,https://ww5.yorkmaps.ca/webtrafficimages/113.jpg,https://ww5.yorkmaps.ca/webtrafficimages/location113.html,Bayview Avenue and 19th Avenue,193
617232.0773,4858297.4398,148,617232.08,4858297.44,https://ww5.yorkmaps.ca/webtrafficimages/loc148.jpg,https://ww5.yorkmaps.ca/webtrafficimages/148.jpg,https://ww5.yorkmaps.ca/webtrafficimages/location148.html,Jane Street and Teston Road,194
621513.2042,4868292.4608,151,621513.2,4868292.46,https://ww5.yorkmaps.ca/webtrafficimages/loc151.jpg,https://ww5.yorkmaps.ca/webtrafficimages/151.jpg,https://ww5.yorkmaps.ca/webtrafficimages/location151.html,Bloomington Road and Bathurst Street,195
621940.1106,4855512.8596,139,621940.11,4855512.86,https://ww5.yorkmaps.ca/webtrafficimages/loc139.jpg,https://ww5.yorkmaps.ca/webtrafficimages/139.jpg,https://ww5.yorkmaps.ca/webtrafficimages/location139.html,Dufferin Street and Rutherford Road,196
633476.8701,4859214.82,144,633476.87,4859214.82,https://ww5.yorkmaps.ca/webtrafficimages/loc144.jpg,https://ww5.yorkmaps.ca/webtrafficimages/144.jpg,https://ww5.yorkmaps.ca/webtrafficimages/location144.html,16th Avenue and Warden Avenue,197
628833.4401,4861854.8001,143,628833.44,4861854.8,https://ww5.yorkmaps.ca/webtrafficimages/loc143.jpg,https://ww5.yorkmaps.ca/webtrafficimages/143.jpg,https://ww5.yorkmaps.ca/webtrafficimages/location143.html,Leslie Street and Elgin Mills Road,198
625891.92,4889080.4015,157,625891.92,4889080.4,https://ww5.yorkmaps.ca/webtrafficimages/loc157.jpg,https://ww5.yorkmaps.ca/webtrafficimages/157.jpg,https://ww5.yorkmaps.ca/webtrafficimages/location157.html,Queensville Sideroad and Woodbine Avenue,199
637060.5002,4862579.4698,162,637060.5,4862579.47,https://ww5.yorkmaps.ca/webtrafficimages/loc162.jpg,https://ww5.yorkmaps.ca/webtrafficimages/162.jpg,https://ww5.yorkmaps.ca/webtrafficimages/location162.html,Major Mackenzie Drive and McCowan Road,200
624720.7249,4863219.5008,118,624720.72,4863219.5,https://ww5.yorkmaps.ca/webtrafficimages/loc118.jpg,https://ww5.yorkmaps.ca/webtrafficimages/118.jpg,https://ww5.yorkmaps.ca/webtrafficimages/location118.html,Yonge Street and Jefferson Commercial Entrance,201
623859.1799,4879794.37,8,623859.18,4879794.37,https://ww5.yorkmaps.ca/webtrafficimages/loc8.jpg,https://ww5.yorkmaps.ca/webtrafficimages/loc8R.jpg,https://ww5.yorkmaps.ca/webtrafficimages/location8.html,Davis Drive and Southlake RHC,202
630153.67,4855312.38,127,630153.67,4855312.38,https://ww5.yorkmaps.ca/webtrafficimages/loc127.jpg,https://ww5.yorkmaps.ca/webtrafficimages/loc127R.jpg,https://ww5.yorkmaps.ca/webtrafficimages/location127.html,Leslie St and Commerce Valley Dr,203
630255.5155,4862345.1473,163,630255.52,4862345.15,https://ww5.yorkmaps.ca/webtrafficimages/loc163.jpg,https://ww5.yorkmaps.ca/webtrafficimages/163.jpg,https://ww5.yorkmaps.ca/webtrafficimages/location163.html,Woodbine Avenue and Elgin Mills Road,204
626644.964,4862624.2337,114,626644.96,4862624.23,https://ww5.yorkmaps.ca/webtrafficimages/loc114.jpg,https://ww5.yorkmaps.ca/webtrafficimages/114.jpg,https://ww5.yorkmaps.ca/webtrafficimages/location114.html,Bayview Avenue and Holy Trinity School ,205
622880.3902,4850483.2098,159,622880.39,4850483.21,https://ww5.yorkmaps.ca/webtrafficimages/loc159.jpg,https://ww5.yorkmaps.ca/webtrafficimages/159.jpg,https://ww5.yorkmaps.ca/webtrafficimages/location159.html,Dufferin Street and Clark Avenue,206
624542.7668,4854144.7181,191,624542.77,4854144.72,https://ww5.yorkmaps.ca/webtrafficimages/loc191.jpg,https://ww5.yorkmaps.ca/webtrafficimages/191.jpg,https://ww5.yorkmaps.ca/webtrafficimages/location191.html,Highway 7 and Bathurst St. Connection Ramp ,207
624167.7448,4897597.9672,194,624167.74,4897597.97,https://ww5.yorkmaps.ca/webtrafficimages/loc194.jpg,https://ww5.yorkmaps.ca/webtrafficimages/194.jpg,https://ww5.yorkmaps.ca/webtrafficimages/location194.html,Woodbine Ave. and Dovedale Dr.,208
641937.02,4910068.85,195,641937.02,4910068.85,https://ww5.yorkmaps.ca/webtrafficimages/loc195.jpg,https://ww5.yorkmaps.ca/webtrafficimages/195.jpg,https://ww5.yorkmaps.ca/webtrafficimages/location195.html,Highway 48 and Pefferlaw Rd.,209
623618.4552,4868944.6641,87,623618.46,4868944.66,https://ww5.yorkmaps.ca/webtrafficimages/loc87.jpg,https://ww5.yorkmaps.ca/webtrafficimages/loc87R.jpg,https://ww5.yorkmaps.ca/webtrafficimages/location87.html,Yonge Street and Bloomington Road,210
633349.06,4872142.46,196,633349.06,4872142.46,https://ww5.yorkmaps.ca/webtrafficimages/loc196.jpg,https://ww5.yorkmaps.ca/webtrafficimages/196.jpg,https://ww5.yorkmaps.ca/webtrafficimages/location196.html,Kennedy and Bloomington,211
622765.75,4884165.17,197,622765.75,4884165.17,https://ww5.yorkmaps.ca/webtrafficimages/loc197.jpg,https://ww5.yorkmaps.ca/webtrafficimages/197.jpg,https://ww5.yorkmaps.ca/webtrafficimages/location197.html,Mount Albert and 2nd Concession,212
606305.57,4871918.65,198,606305.57,4871918.65,https://ww5.yorkmaps.ca/webtrafficimages/loc198.jpg,https://ww5.yorkmaps.ca/webtrafficimages/198.jpg,https://ww5.yorkmaps.ca/webtrafficimages/location198.html,Highway 27 and Lloydtown/Aurora,213
624749.9833,4873609.116,86,624749.98,4873609.12,https://ww5.yorkmaps.ca/webtrafficimages/loc86.jpg,https://ww5.yorkmaps.ca/webtrafficimages/loc86R.jpg,https://ww5.yorkmaps.ca/webtrafficimages/location86.html,Wellington and Bayview,214
631361.84,4859485.62,199,631361.84,4859485.62,https://ww5.yorkmaps.ca/webtrafficimages/loc199.jpg,https://ww5.yorkmaps.ca/webtrafficimages/199.jpg,https://ww5.yorkmaps.ca/webtrafficimages/location199.html,Woodbine and Rodick/Hillmount,215
629484.7177,4858627.9437,133,629484.72,4858627.94,https://ww5.yorkmaps.ca/webtrafficimages/loc133.jpg,https://ww5.yorkmaps.ca/webtrafficimages/loc133R.jpg,https://ww5.yorkmaps.ca/webtrafficimages/location133.html,Leslie St and Headford ave,216
626390.4601,4876310.06,137,626390.46,4876310.06,https://ww5.yorkmaps.ca/webtrafficimages/loc137.jpg,https://ww5.yorkmaps.ca/webtrafficimages/loc137R.jpg,https://ww5.yorkmaps.ca/webtrafficimages/location137.html,Leslie St and St Johns Sdrd,217
626746.72,4852449.93,138,626746.72,4852449.93,https://ww5.yorkmaps.ca/webtrafficimages/loc138.jpg,https://ww5.yorkmaps.ca/webtrafficimages/loc138R.jpg,https://ww5.yorkmaps.ca/webtrafficimages/location138.html,Yonge St and John St,218
629846.7,4856783.98,132,629846.7,4856783.98,https://ww5.yorkmaps.ca/webtrafficimages/loc132.jpg,https://ww5.yorkmaps.ca/webtrafficimages/loc132R.jpg,https://ww5.yorkmaps.ca/webtrafficimages/location132.html,Leslie St and East/West Wilmot,219
629215.51,4859855.65,93,629215.51,4859855.65,https://ww5.yorkmaps.ca/webtrafficimages/loc93.jpg,https://ww5.yorkmaps.ca/webtrafficimages/loc93R.jpg,https://ww5.yorkmaps.ca/webtrafficimages/location93.html,Major Mackenzie and Leslie,220
618211.83,4852897.35,97,618211.83,4852897.35,https://ww5.yorkmaps.ca/webtrafficimages/loc97.jpg,https://ww5.yorkmaps.ca/webtrafficimages/loc97R.jpg,https://ww5.yorkmaps.ca/webtrafficimages/location97.html,Jane and Bagg,221
618533.06,4851071.95,95,618533.06,4851071.95,https://ww5.yorkmaps.ca/webtrafficimages/loc95.jpg,https://ww5.yorkmaps.ca/webtrafficimages/loc95R.jpg,https://ww5.yorkmaps.ca/webtrafficimages/location95.html,Jane and MacIntosh,222
610336.8188,4850598.3564,267,610336.82,4850598.36,https://ww5.yorkmaps.ca/webtrafficimages/loc267.jpg,https://ww5.yorkmaps.ca/webtrafficimages/267.jpg,https://ww5.yorkmaps.ca/webtrafficimages/location267.html,Highway 27 at Martin Grove,223
621077.4014,4882144.7251,265,621077.4,4882144.73,https://ww5.yorkmaps.ca/webtrafficimages/loc265.jpg,https://ww5.yorkmaps.ca/webtrafficimages/265.jpg,https://ww5.yorkmaps.ca/webtrafficimages/location265.html,Yonge at Morning Sdrd.,224
636685.9487,4864572.8978,266,636685.95,4864572.9,https://ww5.yorkmaps.ca/webtrafficimages/loc266.jpg,https://ww5.yorkmaps.ca/webtrafficimages/266.jpg,https://ww5.yorkmaps.ca/webtrafficimages/location266.html,Elgin Mills at McCowan,225
623065.8775,4849561.762,289,623065.88,4849561.76,https://ww5.yorkmaps.ca/webtrafficimages/loc289.jpg,https://ww5.yorkmaps.ca/webtrafficimages/289.jpg,https://ww5.yorkmaps.ca/webtrafficimages/location289.html,Dufferin Street and  Viceroy Road ,226
618575.6078,4863016.9989,288,618575.61,4863017,https://ww5.yorkmaps.ca/webtrafficimages/loc288.jpg,https://ww5.yorkmaps.ca/webtrafficimages/288.jpg,https://ww5.yorkmaps.ca/webtrafficimages/location288.html,Keele at King-Vaughan ,227
616463.8898,4862331.8913,287,616463.89,4862331.89,https://ww5.yorkmaps.ca/webtrafficimages/loc287.jpg,https://ww5.yorkmaps.ca/webtrafficimages/287.jpg,https://ww5.yorkmaps.ca/webtrafficimages/location287.html,Jane at King-Vaughan ,228
616079.7608,4864313.2068,286,616079.76,4864313.21,https://ww5.yorkmaps.ca/webtrafficimages/loc286.jpg,https://ww5.yorkmaps.ca/webtrafficimages/286.jpg,https://ww5.yorkmaps.ca/webtrafficimages/location286.html,Jane at King ,229
626705.2753,4885054.6245,285,626705.28,4885054.62,https://ww5.yorkmaps.ca/webtrafficimages/loc285.jpg,https://ww5.yorkmaps.ca/webtrafficimages/285.jpg,https://ww5.yorkmaps.ca/webtrafficimages/location285.html,Woodbine at Mount Albert ,230
622662.8284,4877212.1123,284,622662.83,4877212.11,https://ww5.yorkmaps.ca/webtrafficimages/loc284.jpg,https://ww5.yorkmaps.ca/webtrafficimages/284.jpg,https://ww5.yorkmaps.ca/webtrafficimages/location284.html,Mulock at Sandford ,231
623721.4778,4873257.0609,283,623721.48,4873257.06,https://ww5.yorkmaps.ca/webtrafficimages/loc283.jpg,https://ww5.yorkmaps.ca/webtrafficimages/283.jpg,https://ww5.yorkmaps.ca/webtrafficimages/location283.html,Wellington at Industrial Pkwy,232
615123.6946,4847366.1273,282,615123.69,4847366.13,https://ww5.yorkmaps.ca/webtrafficimages/loc282.jpg,https://ww5.yorkmaps.ca/webtrafficimages/282.jpg,https://ww5.yorkmaps.ca/webtrafficimages/location282.html,Pine Valley at Galcat ,233
618823.9355,4854437.3448,281,618823.94,4854437.34,https://ww5.yorkmaps.ca/webtrafficimages/loc281.jpg,https://ww5.yorkmaps.ca/webtrafficimages/281.jpg,https://ww5.yorkmaps.ca/webtrafficimages/location281.html,Rutherford at Creditstone ,234
638430.8246,4855710.4095,280,638430.82,4855710.41,https://ww5.yorkmaps.ca/webtrafficimages/loc280.jpg,https://ww5.yorkmaps.ca/webtrafficimages/280.jpg,https://ww5.yorkmaps.ca/webtrafficimages/location280.html,McCowan at Denison ,235
625592.4364,4873894.2954,278,625592.44,4873894.3,https://ww5.yorkmaps.ca/webtrafficimages/loc278.jpg,https://ww5.yorkmaps.ca/webtrafficimages/278.jpg,https://ww5.yorkmaps.ca/webtrafficimages/location278.html, Wellington at Mavrinac ,236
625149.4535,4878073.665,272,625149.45,4878073.67,https://ww5.yorkmaps.ca/webtrafficimages/loc272.jpg,https://ww5.yorkmaps.ca/webtrafficimages/272.jpg,https://ww5.yorkmaps.ca/webtrafficimages/location272.html,Mullock at College Manor East,237
640587.2991,4865942.1695,271,640587.3,4865942.17,https://ww5.yorkmaps.ca/webtrafficimages/loc271.jpg,https://ww5.yorkmaps.ca/webtrafficimages/271.jpg,https://ww5.yorkmaps.ca/webtrafficimages/location271.html,Ninth Line at Elgin Mills ,238
632839.5016,4897798.9772,270,632839.5,4897798.98,https://ww5.yorkmaps.ca/webtrafficimages/loc270.jpg,https://ww5.yorkmaps.ca/webtrafficimages/270.jpg,https://ww5.yorkmaps.ca/webtrafficimages/location270.html,Highway 48 at Ravenshoe,239
619618.5146,4867641.3948,269,619618.51,4867641.39,https://ww5.yorkmaps.ca/webtrafficimages/loc269.jpg,https://ww5.yorkmaps.ca/webtrafficimages/269.jpg,https://ww5.yorkmaps.ca/webtrafficimages/location269.html,Dufferin at 15th Sdrd,240
615663.1917,4877094.4126,268,615663.19,4877094.41,https://ww5.yorkmaps.ca/webtrafficimages/loc268.jpg,https://ww5.yorkmaps.ca/webtrafficimages/268.jpg,https://ww5.yorkmaps.ca/webtrafficimages/location268.html,Keele and Davis West ,241
636109.7085,4868697.0514,277,636109.71,4868697.05,https://ww5.yorkmaps.ca/webtrafficimages/loc277.jpg,https://ww5.yorkmaps.ca/webtrafficimages/277.jpg,https://ww5.yorkmaps.ca/webtrafficimages/location277.html,Stouffville at McCowan ,242
635279.5401,4883637.3057,276,635279.54,4883637.31,https://ww5.yorkmaps.ca/webtrafficimages/loc276.jpg,https://ww5.yorkmaps.ca/webtrafficimages/276.jpg,https://ww5.yorkmaps.ca/webtrafficimages/location276.html, Davis at HWY 48 ,243
625781.3623,4879383.2285,275,625781.36,4879383.23,https://ww5.yorkmaps.ca/webtrafficimages/loc275.jpg,https://ww5.yorkmaps.ca/webtrafficimages/275.jpg,https://ww5.yorkmaps.ca/webtrafficimages/location275.html,Leslie at Gorham ,244
621163.3618,4859573.8348,274,621163.36,4859573.83,https://ww5.yorkmaps.ca/webtrafficimages/loc274.jpg,https://ww5.yorkmaps.ca/webtrafficimages/274.jpg,https://ww5.yorkmaps.ca/webtrafficimages/location274.html,Dufferin at Teston ,245
619261.4596,4880433.6363,273,619261.46,4880433.64,https://ww5.yorkmaps.ca/webtrafficimages/loc273.jpg,https://ww5.yorkmaps.ca/webtrafficimages/273.jpg,https://ww5.yorkmaps.ca/webtrafficimages/location273.html,Bathurst at Green Lane ,246
617726.6381,4877747.8038,290,617726.64,4877747.8,https://ww5.yorkmaps.ca/webtrafficimages/loc290.jpg,https://ww5.yorkmaps.ca/webtrafficimages/loc290R.jpg,https://ww5.yorkmaps.ca/webtrafficimages/location290.html,Davis Drive West and Dufferin Street,247
630280.6309,4854674.8403,307,630280.63,4854674.84,https://ww5.yorkmaps.ca/webtrafficimages/loc307.jpg,https://ww5.yorkmaps.ca/webtrafficimages/loc307R.jpg,https://ww5.yorkmaps.ca/webtrafficimages/location307.html,Leslie Street at St. Roberts HS,248
610061.9119,4853305.6216,263,610061.91,4853305.62,https://ww5.yorkmaps.ca/webtrafficimages/loc263.jpg,https://ww5.yorkmaps.ca/webtrafficimages/loc263R.jpg,https://ww5.yorkmaps.ca/webtrafficimages/location263.html,Major Mackenzie Drive at Highway 27,249
624384.7958,4875666.5351,136,624384.8,4875666.54,https://ww5.yorkmaps.ca/webtrafficimages/loc136.jpg,https://ww5.yorkmaps.ca/webtrafficimages/loc136R.jpg,https://ww5.yorkmaps.ca/webtrafficimages/location136.html,Bayview Avenue & St. John's Sideroad,250
618047.05,4886505.0,311,618047.05,4886505,https://ww5.yorkmaps.ca/webtrafficimages/loc311.jpg,https://ww5.yorkmaps.ca/webtrafficimages/loc311R.jpg,https://ww5.yorkmaps.ca/webtrafficimages/location311.html,Bathurst Street and Queensville Sideroad West,251
607021.5633,4868026.8717,299,607021.56,4868026.87,https://ww5.yorkmaps.ca/webtrafficimages/loc299.jpg,https://ww5.yorkmaps.ca/webtrafficimages/loc299R.jpg,https://ww5.yorkmaps.ca/webtrafficimages/location299.html,Highway 27 & 17th Sideroad,252
622369.48,4906525.42,310,622369.48,4906525.42,https://ww5.yorkmaps.ca/webtrafficimages/loc310.jpg,https://ww5.yorkmaps.ca/webtrafficimages/loc310R.jpg,https://ww5.yorkmaps.ca/webtrafficimages/location310.html,Woodbine Avenue & Metro Road,253
622859.3039,4904240.0301,318,622859.3,4904240.03,https://ww5.yorkmaps.ca/webtrafficimages/loc318.jpg,https://ww5.yorkmaps.ca/webtrafficimages/loc318R.jpg,https://ww5.yorkmaps.ca/webtrafficimages/location318.html,Woodbine Avenue & Baseline Road Ramp,254
622475.74,4875006.25,121,622475.74,4875006.25,https://ww5.yorkmaps.ca/webtrafficimages/loc121.jpg,https://ww5.yorkmaps.ca/webtrafficimages/loc121R.jpg,https://ww5.yorkmaps.ca/webtrafficimages/location121.html,Yonge St and St Johns Sdrd,255
619697.5391,4878419.4814,123,619697.54,4878419.48,https://ww5.yorkmaps.ca/webtrafficimages/loc123.jpg,https://ww5.yorkmaps.ca/webtrafficimages/loc123R.jpg,https://ww5.yorkmaps.ca/webtrafficimages/location123.html,Davis Drive and Bathurst Street,256
618537.471,4884601.0236,124,618537.47,4884601.02,https://ww5.yorkmaps.ca/webtrafficimages/loc124.jpg,https://ww5.yorkmaps.ca/webtrafficimages/loc124R.jpg,https://ww5.yorkmaps.ca/webtrafficimages/location124.html,Highway 11 and Bathurst St,257
633963.18,4907321.26,125,633963.18,4907321.26,https://ww5.yorkmaps.ca/webtrafficimages/loc125.jpg,https://ww5.yorkmaps.ca/webtrafficimages/loc125R.jpg,https://ww5.yorkmaps.ca/webtrafficimages/location125.html,Highway 48 and Park Rd,258
605925.51,4873947.04,126,605925.51,4873947.04,https://ww5.yorkmaps.ca/webtrafficimages/loc126.jpg,https://ww5.yorkmaps.ca/webtrafficimages/loc126R.jpg,https://ww5.yorkmaps.ca/webtrafficimages/location126.html,Highway 27 and Highway 9,259
618140.79,4865006.32,128,618140.79,4865006.32,https://ww5.yorkmaps.ca/webtrafficimages/loc128.jpg,https://ww5.yorkmaps.ca/webtrafficimages/loc128R.jpg,https://ww5.yorkmaps.ca/webtrafficimages/location128.html,King Rd and Keele St,260
624027.5303,4877617.9096,154,624027.53,4877617.91,https://ww5.yorkmaps.ca/webtrafficimages/loc154.jpg,https://ww5.yorkmaps.ca/webtrafficimages/154.jpg,https://ww5.yorkmaps.ca/webtrafficimages/location154.html,Bayview Avenue and Mulock Drive,261
623275.5325,4881722.8811,158,623275.53,4881722.88,https://ww5.yorkmaps.ca/webtrafficimages/loc158.jpg,https://ww5.yorkmaps.ca/webtrafficimages/158.jpg,https://ww5.yorkmaps.ca/webtrafficimages/location158.html,Green Lane and 2nd Concession,262
624010.6194,4866880.01,119,624010.62,4866880.01,https://ww5.yorkmaps.ca/webtrafficimages/loc119.jpg,https://ww5.yorkmaps.ca/webtrafficimages/119.jpg,https://ww5.yorkmaps.ca/webtrafficimages/location119.html,Yonge Street and King Road,263
624523.57,4852740.63,225,624523.57,4852740.63,https://ww5.yorkmaps.ca/webtrafficimages/loc225.jpg,https://ww5.yorkmaps.ca/webtrafficimages/loc225R.jpg,https://ww5.yorkmaps.ca/webtrafficimages/location225.html,Bathurst at Atkinson,264
624413.75,4853306.17,226,624413.75,4853306.17,https://ww5.yorkmaps.ca/webtrafficimages/loc226.jpg,https://ww5.yorkmaps.ca/webtrafficimages/loc226R.jpg,https://ww5.yorkmaps.ca/webtrafficimages/location226.html,Bathurst at Flamingo,265
623934.2196,4888454.3598,229,623934.22,4888454.36,https://ww5.yorkmaps.ca/webtrafficimages/loc229.jpg,https://ww5.yorkmaps.ca/webtrafficimages/loc229.jpg,https://ww5.yorkmaps.ca/webtrafficimages/location229.html,Leslie Street & Queensville Sideroad,266
624545.5397,4874773.8006,230,624545.54,4874773.8,https://ww5.yorkmaps.ca/webtrafficimages/loc230.jpg,https://ww5.yorkmaps.ca/webtrafficimages/loc230.jpg,https://ww5.yorkmaps.ca/webtrafficimages/location230.html,Bayview Avenue & Holland View Trail/Spring Farm Road,267
611208.9101,4846440.1506,240,611208.91,4846440.15,https://ww5.yorkmaps.ca/webtrafficimages/loc240.jpg,https://ww5.yorkmaps.ca/webtrafficimages/loc240.jpg,https://ww5.yorkmaps.ca/webtrafficimages/location240.html,Highway 27 & Toronto RV Road,268
620960.0501,4849537.8004,242,620960.05,4849537.8,https://ww5.yorkmaps.ca/webtrafficimages/loc242.jpg,https://ww5.yorkmaps.ca/webtrafficimages/loc242.jpg,https://ww5.yorkmaps.ca/webtrafficimages/location242.html,Keele Street & Great Gulf Drive/Snidecroft Road,269
640444.1532,4856080.4183,232,640444.15,4856080.42,https://ww5.yorkmaps.ca/webtrafficimages/loc232.jpg,https://ww5.yorkmaps.ca/webtrafficimages/loc232.jpg,https://ww5.yorkmaps.ca/webtrafficimages/location232.html,Markham Rd at Denison St,270
610693.93,4848825.8604,233,610693.93,4848825.86,https://ww5.yorkmaps.ca/webtrafficimages/loc233.jpg,https://ww5.yorkmaps.ca/webtrafficimages/loc233.jpg,https://ww5.yorkmaps.ca/webtrafficimages/location233.html,Highway 27 at Medallion Road,271
623415.9193,4901389.0093,235,623415.92,4901389.01,https://ww5.yorkmaps.ca/webtrafficimages/loc235.jpg,https://ww5.yorkmaps.ca/webtrafficimages/loc235.jpg,https://ww5.yorkmaps.ca/webtrafficimages/location235.html,Woodbine Avenue & Old Homestead Road,272
627912.9251,4856219.8623,297,627912.93,4856219.86,https://ww5.yorkmaps.ca/webtrafficimages/loc297.jpg,https://ww5.yorkmaps.ca/webtrafficimages/loc297R.jpg,https://ww5.yorkmaps.ca/webtrafficimages/location297.html,Bayview Ave and Bantry Ave,273
628370.0373,4854022.451,298,628370.04,4854022.45,https://ww5.yorkmaps.ca/webtrafficimages/loc298.jpg,https://ww5.yorkmaps.ca/webtrafficimages/loc298R.jpg,https://ww5.yorkmaps.ca/webtrafficimages/location298.html,Bayview Ave at Willowbrook Rd,274
628435.2619,4863883.0951,294,628435.26,4863883.1,https://ww5.yorkmaps.ca/webtrafficimages/loc294.jpg,https://ww5.yorkmaps.ca/webtrafficimages/loc294R.jpg,https://ww5.yorkmaps.ca/webtrafficimages/location294.html,Leslie St and 19th Ave,275
622296.7991,4864214.4079,295,622296.8,4864214.41,https://ww5.yorkmaps.ca/webtrafficimages/loc295.jpg,https://ww5.yorkmaps.ca/webtrafficimages/loc295R.jpg,https://ww5.yorkmaps.ca/webtrafficimages/location295.html,Bathurst St and King Vaughan Rd,276
622928.2828,4868698.5266,321,622928.28,4868698.53,https://ww5.yorkmaps.ca/webtrafficimages/loc321.jpg,https://ww5.yorkmaps.ca/webtrafficimages/loc321R.jpg,https://ww5.yorkmaps.ca/webtrafficimages/location321.html,Bloomington Rd and Academy Dr,277
629467.5249,4881677.9113,302,629467.52,4881677.91,https://ww5.yorkmaps.ca/webtrafficimages/loc302.jpg,https://ww5.yorkmaps.ca/webtrafficimages/loc302R.jpg,https://ww5.yorkmaps.ca/webtrafficimages/location302.html,Davis Dr and Warden Ave,278
627896.7516,4878975.6653,319,627896.75,4878975.67,https://ww5.yorkmaps.ca/webtrafficimages/loc319.jpg,https://ww5.yorkmaps.ca/webtrafficimages/loc319R.jpg,https://ww5.yorkmaps.ca/webtrafficimages/location319.html,Woodbine Ave and Vivian Rd,279
618850.5446,4871734.8774,316,618850.54,4871734.88,https://ww5.yorkmaps.ca/webtrafficimages/loc316.jpg,https://ww5.yorkmaps.ca/webtrafficimages/loc316R.jpg,https://ww5.yorkmaps.ca/webtrafficimages/location316.html,Wellington St and Dufferin St,280
626686.1077,4895781.8847,315,626686.11,4895781.88,https://ww5.yorkmaps.ca/webtrafficimages/loc315.jpg,https://ww5.yorkmaps.ca/webtrafficimages/loc315R.jpg,https://ww5.yorkmaps.ca/webtrafficimages/location315.html,Warden Ave and Ravenshoe Rd,281
626121.3676,4865415.7154,314,626121.37,4865415.72,https://ww5.yorkmaps.ca/webtrafficimages/loc314.jpg,https://ww5.yorkmaps.ca/webtrafficimages/loc314R.jpg,https://ww5.yorkmaps.ca/webtrafficimages/location314.html,Stouffville Rd and Bayview Ave,282
630585.5313,4906988.0061,303,630585.53,4906988.01,https://ww5.yorkmaps.ca/webtrafficimages/loc303.jpg,https://ww5.yorkmaps.ca/webtrafficimages/loc303R.jpg,https://ww5.yorkmaps.ca/webtrafficimages/location303.html,High St and Dalton Rd,283
623992.8173,4898472.0112,320,623992.82,4898472.01,https://ww5.yorkmaps.ca/webtrafficimages/loc320.jpg,https://ww5.yorkmaps.ca/webtrafficimages/loc320R.jpg,https://ww5.yorkmaps.ca/webtrafficimages/location320.html,Woodbine Ave and Riverglen Ave,284
636055.6712,4854123.1704,304,636055.67,4854123.17,https://ww5.yorkmaps.ca/webtrafficimages/loc304.jpg,https://ww5.yorkmaps.ca/webtrafficimages/loc304R.jpg,https://ww5.yorkmaps.ca/webtrafficimages/location304.html,Kennedy Rd and Clayton Dr,285
638580.4431,4855012.726,309,638580.44,4855012.73,https://ww5.yorkmaps.ca/webtrafficimages/loc309.jpg,https://ww5.yorkmaps.ca/webtrafficimages/loc309R.jpg,https://ww5.yorkmaps.ca/webtrafficimages/location309.html,McCowan Rd and Elson St,286
620890.7243,4878823.3301,323,620890.72,4878823.33,https://ww5.yorkmaps.ca/webtrafficimages/loc323.jpg,https://ww5.yorkmaps.ca/webtrafficimages/loc323R.jpg,https://ww5.yorkmaps.ca/webtrafficimages/location323.html,Davis Dr. at William Booth Ave,287
626568.8602,4896396.1823,300,626568.86,4896396.18,https://ww5.yorkmaps.ca/webtrafficimages/loc300.jpg,https://ww5.yorkmaps.ca/webtrafficimages/loc300R.jpg,https://ww5.yorkmaps.ca/webtrafficimages/location300.html,Georgina Transfer Station - Warden Avenue N/O Ravenshoe Road,288
616451.6226,4873046.1528,324,616451.62,4873046.15,https://ww5.yorkmaps.ca/webtrafficimages/loc324.jpg,https://ww5.yorkmaps.ca/webtrafficimages/loc324R.jpg,https://ww5.yorkmaps.ca/webtrafficimages/location324.html,Keele Street & Lloydtown/Aurora Road Roundabout,289
621102.4903,4848904.371,325,621102.49,4848904.37,https://ww5.yorkmaps.ca/webtrafficimages/loc325.jpg,https://ww5.yorkmaps.ca/webtrafficimages/loc324R.jpg,https://ww5.yorkmaps.ca/webtrafficimages/location324.html,Keele Street at Commercial Entrance (N/O Steeles Ave.),290
630104.8418,4866686.242,326,630104.84,4866686.24,https://ww5.yorkmaps.ca/webtrafficimages/loc326.jpg,https://ww5.yorkmaps.ca/webtrafficimages/326.jpg,https://ww5.yorkmaps.ca/webtrafficimages/location326.html,Stouffville Road at Woodbine Avenue,291
616906.9187,4849160.7146,328,616906.92,4849160.71,https://ww5.yorkmaps.ca/webtrafficimages/loc328.jpg,https://ww5.yorkmaps.ca/webtrafficimages/328.jpg,https://ww5.yorkmaps.ca/webtrafficimages/location328.html,Weston Road at Colossus Drive/Rowntree Dairy Road,292
614571.8788,4861753.0591,254,614571.88,4861753.06,https://ww5.yorkmaps.ca/webtrafficimages/loc254.jpg,https://ww5.yorkmaps.ca/webtrafficimages/loc254.jpg,https://ww5.yorkmaps.ca/webtrafficimages/location254.html,Weston Rd at King-Vaughan Rd,293
628640.9445,4874904.582,255,628640.94,4874904.58,https://ww5.yorkmaps.ca/webtrafficimages/loc255.jpg,https://ww5.yorkmaps.ca/webtrafficimages/loc255R.jpg,https://ww5.yorkmaps.ca/webtrafficimages/location255.html,Woodbine Avenue at Aurora Road,294
624799.6804,4862793.6492,256,624799.68,4862793.65,https://ww5.yorkmaps.ca/webtrafficimages/loc256.jpg,https://ww5.yorkmaps.ca/webtrafficimages/loc256R.jpg,https://ww5.yorkmaps.ca/webtrafficimages/location256.html,Yonge Street at 19th Avenue/Gamble Road,295
625789.9791,4857521.4059,257,625789.98,4857521.41,https://ww5.yorkmaps.ca/webtrafficimages/loc257.jpg,https://ww5.yorkmaps.ca/webtrafficimages/loc257R.jpg,https://ww5.yorkmaps.ca/webtrafficimages/location257.html,Yonge Street at Weldrick Road,296
625079.4048,4861393.242,260,625079.4,4861393.24,https://ww5.yorkmaps.ca/webtrafficimages/loc260.jpg,https://ww5.yorkmaps.ca/webtrafficimages/loc260R.jpg,https://ww5.yorkmaps.ca/webtrafficimages/location260.html,Yonge Street at Bernard Avenue/Canyon Hill Avenue,297
624995.3483,4861772.2056,261,624995.35,4861772.21,https://ww5.yorkmaps.ca/webtrafficimages/loc261.jpg,https://ww5.yorkmaps.ca/webtrafficimages/loc261R.jpg,https://ww5.yorkmaps.ca/webtrafficimages/location261.html,Yonge Street at Brookside Drive/Silverwood Avenue,298
625658.1036,4858224.0603,258,625658.1,4858224.06,https://ww5.yorkmaps.ca/webtrafficimages/loc258.jpg,https://ww5.yorkmaps.ca/webtrafficimages/loc258R.jpg,https://ww5.yorkmaps.ca/webtrafficimages/location258.html,Yonge Street at Harding Boulevard,299
626084.458,4855992.1068,259,626084.46,4855992.11,https://ww5.yorkmaps.ca/webtrafficimages/loc259.jpg,https://ww5.yorkmaps.ca/webtrafficimages/loc259R.jpg,https://ww5.yorkmaps.ca/webtrafficimages/location259.html,Yonge Street at Bantry Avenue/Scott Drive,300
630326.1122,4864516.3267,262,630326.11,4864516.33,https://ww5.yorkmaps.ca/webtrafficimages/loc262.jpg,https://ww5.yorkmaps.ca/webtrafficimages/loc262R.jpg,https://ww5.yorkmaps.ca/webtrafficimages/location262.html,Woodbine Avenue at 19th Avenue,301
608953.637,4857816.4546,331,608953.64,4857816.45,https://ww5.yorkmaps.ca/webtrafficimages/loc331.jpg,https://ww5.yorkmaps.ca/webtrafficimages/331.jpg,https://ww5.yorkmaps.ca/webtrafficimages/location331.html,Highway 27 at Kirby Road,302
608069.1827,4862567.0678,332,608069.18,4862567.07,https://ww5.yorkmaps.ca/webtrafficimages/loc332.jpg,https://ww5.yorkmaps.ca/webtrafficimages/332.jpg,https://ww5.yorkmaps.ca/webtrafficimages/location332.html,Highway 27 at Sheardown Drive,303
631829.4618,4857266.2778,333,631829.46,4857266.28,https://ww5.yorkmaps.ca/webtrafficimages/loc333.jpg,https://ww5.yorkmaps.ca/webtrafficimages/333.jpg,https://ww5.yorkmaps.ca/webtrafficimages/location333.html,Woodbine Avenue at Apple Creek Blvd./Valleywood Dr.,304
620853.2007,4883580.1908,334,620853.2,4883580.19,https://ww5.yorkmaps.ca/webtrafficimages/loc334.jpg,https://ww5.yorkmaps.ca/webtrafficimages/334.jpg,https://ww5.yorkmaps.ca/webtrafficimages/location334.html,Mount Albert Road at Yonge Street/Queen Street,305
604349.5806,4860586.4491,330,604349.58,4860586.45,https://ww5.yorkmaps.ca/webtrafficimages/loc330.jpg,https://ww5.yorkmaps.ca/webtrafficimages/loc330.jpg,https://ww5.yorkmaps.ca/webtrafficimages/location330.html,King Road at 11th Concession,306
637979.1045,4857823.3509,336,637979.1,4857823.35,https://ww5.yorkmaps.ca/webtrafficimages/loc336.jpg,https://ww5.yorkmaps.ca/webtrafficimages/336R.jpg,https://ww5.yorkmaps.ca/webtrafficimages/location336.html,McCowan Road and South Unionville Ave,307
619875.5405,4882912.1702,337,619875.54,4882912.17,https://ww5.yorkmaps.ca/webtrafficimages/loc337.jpg,https://ww5.yorkmaps.ca/webtrafficimages/337R.jpg,https://ww5.yorkmaps.ca/webtrafficimages/location337.html,Highway 11 and Sherwood Glen Boulevard/ Dogwood Cresent,308
618465.3006,4873743.2909,245,618465.3,4873743.29,https://ww5.yorkmaps.ca/webtrafficimages/loc245.jpg,https://ww5.yorkmaps.ca/webtrafficimages/loc245.jpg,https://ww5.yorkmaps.ca/webtrafficimages/location245.html,Dufferin Street & Lloydtown-Aurora Rd/18th Sideroad,309
632661.1994,4863227.8501,246,632661.2,4863227.85,https://ww5.yorkmaps.ca/webtrafficimages/loc246.jpg,https://ww5.yorkmaps.ca/webtrafficimages/loc246.jpg,https://ww5.yorkmaps.ca/webtrafficimages/location246.html,Warden Avenue at Elgin Mills Road,310
626749.7594,4874282.8009,247,626749.76,4874282.8,https://ww5.yorkmaps.ca/webtrafficimages/loc247.jpg,https://ww5.yorkmaps.ca/webtrafficimages/loc247.jpg,https://ww5.yorkmaps.ca/webtrafficimages/location247.html,Leslie St at Wellington St,311
637721.4998,4859170.6308,243,637721.5,4859170.63,https://ww5.yorkmaps.ca/webtrafficimages/loc243.jpg,https://ww5.yorkmaps.ca/webtrafficimages/loc243.jpg,https://ww5.yorkmaps.ca/webtrafficimages/location243.html,McCowan Road at Bullock Drive,312
641219.5227,4874904.0635,343,641219.52,4874904.06,https://ww5.yorkmaps.ca/webtrafficimages/loc343.jpg,https://ww5.yorkmaps.ca/webtrafficimages/loc343R.jpg,https://ww5.yorkmaps.ca/webtrafficimages/location343.html,Bloomington Road and York-Durham Line,313
620278.8157,4887229.5012,345,620278.82,4887229.5,https://ww5.yorkmaps.ca/webtrafficimages/loc345.jpg,https://ww5.yorkmaps.ca/webtrafficimages/loc345R.jpg,https://ww5.yorkmaps.ca/webtrafficimages/location345.html,Yonge Street and Queensville Sideroad,314
614381.2178,4873495.4511,346,614381.22,4873495.45,https://ww5.yorkmaps.ca/webtrafficimages/loc346.jpg,https://ww5.yorkmaps.ca/webtrafficimages/loc346R.jpg,https://ww5.yorkmaps.ca/webtrafficimages/location346.html,Jane Street and Lloydtown Road,315
632628.9146,4853464.4032,347,632628.91,4853464.4,https://ww5.yorkmaps.ca/webtrafficimages/loc347.jpg,https://ww5.yorkmaps.ca/webtrafficimages/loc347R.jpg,https://ww5.yorkmaps.ca/webtrafficimages/location347.html,Woodbine Ave and Denison Street,316
628451.598,4861700.2928,348,628451.6,4861700.29,https://ww5.yorkmaps.ca/webtrafficimages/loc348.jpg,https://ww5.yorkmaps.ca/webtrafficimages/loc348R.jpg,https://ww5.yorkmaps.ca/webtrafficimages/location348.html,Elgin Mills Road and Redstone Road ,317
616872.1357,4860264.5147,352,616872.14,4860264.51,https://ww5.yorkmaps.ca/webtrafficimages/loc352.jpg,https://ww5.yorkmaps.ca/webtrafficimages/loc352R.jpg,https://ww5.yorkmaps.ca/webtrafficimages/location352.html,Jane St. at Kirby Road,318
625996.4291,4880527.9174,353,625996.43,4880527.92,https://ww5.yorkmaps.ca/webtrafficimages/loc353.jpg,https://ww5.yorkmaps.ca/webtrafficimages/loc353R.jpg,https://ww5.yorkmaps.ca/webtrafficimages/location353.html,Davis Dr. at Harry Walker Pkwy.,319
620380.7338,4863619.2866,354,620380.73,4863619.29,https://ww5.yorkmaps.ca/webtrafficimages/loc354.jpg,https://ww5.yorkmaps.ca/webtrafficimages/loc354R.jpg,https://ww5.yorkmaps.ca/webtrafficimages/location354.html, Dufferin St. at King Vaughan Rd.,320
624350.7298,4860517.4981,340,624350.73,4860517.5,https://ww5.yorkmaps.ca/webtrafficimages/loc340.jpg,https://ww5.yorkmaps.ca/webtrafficimages/loc340R.jpg,https://ww5.yorkmaps.ca/webtrafficimages/location340.html,Elgin Mills Road at Regent Street,321
635323.8826,4872789.2126,341,635323.88,4872789.21,https://ww5.yorkmaps.ca/webtrafficimages/loc341.jpg,https://ww5.yorkmaps.ca/webtrafficimages/loc341R.jpg,https://ww5.yorkmaps.ca/webtrafficimages/location341.html,Bloomington Road at McCowan Road,322
636755.6623,4899146.3162,355,636755.66,4899146.32,https://ww5.yorkmaps.ca/webtrafficimages/loc355.jpg,https://ww5.yorkmaps.ca/webtrafficimages/loc355R.jpg,https://ww5.yorkmaps.ca/webtrafficimages/location355.html,Park Rd. & Ravenshoe Rd.,323
632257.6808,4865242.8855,356,632257.68,4865242.89,https://ww5.yorkmaps.ca/webtrafficimages/loc356.jpg,https://ww5.yorkmaps.ca/webtrafficimages/loc356R.jpg,https://ww5.yorkmaps.ca/webtrafficimages/location356.html,Warden Avenue & 19th Avenue ,324
642580.9334,4870856.2637,350,642580.93,4870856.26,https://ww5.yorkmaps.ca/webtrafficimages/loc350.jpg,https://ww5.yorkmaps.ca/webtrafficimages/loc350R.jpg,https://ww5.yorkmaps.ca/webtrafficimages/location350.html,Main Street and York-Durham Line,325
622914.1612,4861281.2252,351,622914.16,4861281.23,https://ww5.yorkmaps.ca/webtrafficimages/loc351.jpg,https://ww5.yorkmaps.ca/webtrafficimages/loc351R.jpg,https://ww5.yorkmaps.ca/webtrafficimages/location351.html,Bathurst Street and Shaftsbury Ave ,326
622743.0129,4862152.5522,338,622743.01,4862152.55,https://ww5.yorkmaps.ca/webtrafficimages/loc338.jpg,https://ww5.yorkmaps.ca/webtrafficimages/loc338R.jpg,https://ww5.yorkmaps.ca/webtrafficimages/location338.html,Bathurst Street and Gamble Road,327
624233.3392,4854373.8905,47,624284.93,4854073.09,https://ww5.yorkmaps.ca/webtrafficimages/loc47.jpg,https://ww5.yorkmaps.ca/webtrafficimages/loc47R.jpg,https://ww5.yorkmaps.ca/webtrafficimages/location47.html,Highway 7 and Bathurst Street,328
624388.96,4864830.12,107,624388.96,4864830.12,https://ww5.yorkmaps.ca/webtrafficimages/loc107.jpg,https://ww5.yorkmaps.ca/webtrafficimages/loc107R.jpg,https://ww5.yorkmaps.ca/webtrafficimages/location107.html,Yonge and Stouffville,329
623116.6118,4860142.7018,43,623116.61,4860142.7,https://ww5.yorkmaps.ca/webtrafficimages/loc43.jpg,https://ww5.yorkmaps.ca/webtrafficimages/loc43R.jpg,https://ww5.yorkmaps.ca/webtrafficimages/location43.html,Bathurst Street and Teston Road/Elgin Mills Road,330
617620.5923,4856198.7077,37,617620.59,4856198.71,https://ww5.yorkmaps.ca/webtrafficimages/loc37.jpg,https://ww5.yorkmaps.ca/webtrafficimages/loc37R.jpg,https://ww5.yorkmaps.ca/webtraffic/location37.html,Jane Street and Major Mackenzie Drive,331
626894.6921,4851662.1643,38,626894.69,4851662.16,https://ww5.yorkmaps.ca/webtrafficimages/loc38.jpg,https://ww5.yorkmaps.ca/webtrafficimages/loc38R.jpg,https://ww5.yorkmaps.ca/webtrafficimages/location38.html,Yonge Street and Clark Ave,332
641809.3478,4859931.1399,36,641809.35,4859931.14,https://ww5.yorkmaps.ca/webtrafficimages/loc36.jpg,https://ww5.yorkmaps.ca/webtrafficimages/loc36R.jpg,https://ww5.yorkmaps.ca/webtrafficimages/location36.html,Highway 7 and Ninth Line,333
618351.64,4852100.16,96,618351.64,4852100.16,https://ww5.yorkmaps.ca/webtrafficimages/loc96.jpg,https://ww5.yorkmaps.ca/webtrafficimages/loc96R.jpg,https://ww5.yorkmaps.ca/webtrafficimages/location96.html,Jane and Langstaff,334
627540.1896,4881031.8701,264,627540.19,4881031.87,https://ww5.yorkmaps.ca/webtrafficimages/loc264.jpg,https://ww5.yorkmaps.ca/webtrafficimages/264.jpg,https://ww5.yorkmaps.ca/webtrafficimages/location264.html,Davis Drive at Woodbine Avenue,335
617472.08,4857038.0904,239,617472.08,4857038.09,https://ww5.yorkmaps.ca/webtrafficimages/loc239.jpg,https://ww5.yorkmaps.ca/webtrafficimages/loc239.jpg,https://ww5.yorkmaps.ca/webtrafficimages/location239.html,Jane Street at Tierra Avenue/Cunningham Drive,336
624865.2605,4904989.0826,339,624865.26,4904989.08,https://ww5.yorkmaps.ca/webtrafficimages/loc339.jpg,https://ww5.yorkmaps.ca/webtrafficimages/loc339R.jpg,https://ww5.yorkmaps.ca/webtrafficimages/location339.html,Warden Ave and Baseline Road ,337
621112.7817,4870275.5093,296,621112.78,4870275.51,https://ww5.yorkmaps.ca/webtrafficimages/loc296.jpg,https://ww5.yorkmaps.ca/webtrafficimages/loc296R.jpg,https://ww5.yorkmaps.ca/webtrafficimages/location296.html,Bathurst and 16th Sdrd / Henderson Dr,338
636260.5805,4855886.0699,147,636260.58,4855886.07,https://ww5.yorkmaps.ca/webtrafficimages/loc147.jpg,https://ww5.yorkmaps.ca/webtrafficimages/147.jpg,https://ww5.yorkmaps.ca/webtrafficimages/location147.html,14th Avenue and Kennedy Road,339
636320.71,4854882.22,218,636320.71,4854882.22,https://ww5.yorkmaps.ca/webtrafficimages/loc218.jpg,https://ww5.yorkmaps.ca/webtrafficimages/218.jpg,https://ww5.yorkmaps.ca/webtrafficimages/location218.html,Kennedy Rd. and Denison St.,340
631067.7352,4853429.4493,44,631067.74,4853429.45,https://ww5.yorkmaps.ca/webtrafficimages/loc44.jpg,https://ww5.yorkmaps.ca/webtrafficimages/loc44R.jpg,https://ww5.yorkmaps.ca/webtrafficimages/location44.html,Leslie Street and John Street,341
634564.7946,4854067.996,205,634564.79,4854068,https://ww5.yorkmaps.ca/webtrafficimages/loc205.jpg,https://ww5.yorkmaps.ca/webtrafficimages/205.jpg,https://ww5.yorkmaps.ca/webtrafficimages/location205.html,Warden and Denison,342
621206.3901,4855288.7204,241,621206.39,4855288.72,https://ww5.yorkmaps.ca/webtrafficimages/loc241.jpg,https://ww5.yorkmaps.ca/webtrafficimages/loc241.jpg,https://ww5.yorkmaps.ca/webtrafficimages/location241.html,Rutherford Road & Confederation Parkway/Peter Rupert Avenue,343
632544.7098,4853788.6908,250,632544.71,4853788.69,https://ww5.yorkmaps.ca/webtrafficimages/loc250.jpg,https://ww5.yorkmaps.ca/webtrafficimages/loc250.jpg,https://ww5.yorkmaps.ca/webtrafficimages/location250.html,Woodbine Avenue at John St / Esna Park,344
637627.88,4859643.46,387,637627.88,4859643.46,https://ww5.yorkmaps.ca/webtrafficimages/loc387.jpg,https://ww5.yorkmaps.ca/webtrafficimages/loc387R.jpg,https://ww5.yorkmaps.ca/webtrafficimages/location387.html,McCowan Road & Carlton Road/Raymerville Drive,345
616128.6254,4857855.8637,385,616128.63,4857855.86,https://ww5.yorkmaps.ca/webtrafficimages/loc385.jpg,https://ww5.yorkmaps.ca/webtrafficimages/loc385R.jpg,https://ww5.yorkmaps.ca/webtrafficimages/location385.html,Teston Rd. at Cityview Boulevard,346
631402.6399,4871512.9303,228,631402.64,4871512.93,https://ww5.yorkmaps.ca/webtrafficimages/loc228.jpg,https://ww5.yorkmaps.ca/webtrafficimages/loc228.jpg,https://ww5.yorkmaps.ca/webtrafficimages/location228.html,Bloomington Rd at Warden Avenue,347
615331.09,4857662.12,212,615331.09,4857662.12,https://ww5.yorkmaps.ca/webtrafficimages/loc212.jpg,https://ww5.yorkmaps.ca/webtrafficimages/212.jpg,https://ww5.yorkmaps.ca/webtrafficimages/location212.html,Teston Rd. and Weston Rd.,348
642304.9088,4858414.3369,342,642304.91,4858414.34,https://ww5.yorkmaps.ca/webtrafficimages/loc342.jpg,https://ww5.yorkmaps.ca/webtrafficimages/loc342R.jpg,https://ww5.yorkmaps.ca/webtrafficimages/location342.html,Box Grove ByPass and Copper Creek Drive,349
636181.3011,4858830.5094,329,636181.3,4858830.51,https://ww5.yorkmaps.ca/webtrafficimages/loc329.jpg,https://ww5.yorkmaps.ca/webtrafficimages/329.jpg,https://ww5.yorkmaps.ca/webtrafficimages/location329.html,Kennedy Road at Carlton Road,350
635425.79,4859864.72,70,635425.79,4859864.72,https://ww5.yorkmaps.ca/webtrafficimages/loc70.jpg,https://ww5.yorkmaps.ca/webtrafficimages/loc70R.jpg,https://ww5.yorkmaps.ca/webtrafficimages/location70.html,Kennedy Road and 16th Avenue,351
635219.73,4860858.43,200,635219.73,4860858.43,https://ww5.yorkmaps.ca/webtrafficimages/loc200.jpg,https://ww5.yorkmaps.ca/webtrafficimages/200.jpg,https://ww5.yorkmaps.ca/webtrafficimages/location200.html,Kennedy and Bur Oak Ave.,352
637090.41,4856164.34,382,637090.41,4856164.34,https://ww5.yorkmaps.ca/webtrafficimages/loc382.jpg,https://ww5.yorkmaps.ca/webtrafficimages/loc382R.jpg,https://ww5.yorkmaps.ca/webtrafficimages/location382.html,14th Ave. at Beckonridge Dr./ Brimley Rd.,353
628896.6908,4857610.2867,381,628896.69,4857610.29,https://ww5.yorkmaps.ca/webtrafficimages/loc381.jpg,https://ww5.yorkmaps.ca/webtrafficimages/loc381R.jpg,https://ww5.yorkmaps.ca/webtrafficimages/location381.html,16th Ave. at Spadina Rd. / Valleymede Dr.,354
623744.68,4856904.31,377,623744.68,4856904.31,https://ww5.yorkmaps.ca/webtrafficimages/loc377.jpg,https://ww5.yorkmaps.ca/webtrafficimages/loc377R.jpg,https://ww5.yorkmaps.ca/webtrafficimages/location377.html,Bathurst St. at Lebovic Campus Dr. / Weldrick Rd.,355
624041.99,4855274.23,378,624041.99,4855274.23,https://ww5.yorkmaps.ca/webtrafficimages/loc378.jpg,https://ww5.yorkmaps.ca/webtrafficimages/loc378R.jpg,https://ww5.yorkmaps.ca/webtrafficimages/location378.html,Bathurst St. at Ner Israel Dr.,356
635027.27,4855454.15,383,635027.27,4855454.15,https://ww5.yorkmaps.ca/webtrafficimages/loc383.jpg,https://ww5.yorkmaps.ca/webtrafficimages/loc383R.jpg,https://ww5.yorkmaps.ca/webtrafficimages/location383.html,14th Ave. at Birchmount Rd.,357
622410.51,4863783.93,384,622410.51,4863783.93,https://ww5.yorkmaps.ca/webtrafficimages/loc384.jpg,https://ww5.yorkmaps.ca/webtrafficimages/loc384R.jpg,https://ww5.yorkmaps.ca/webtrafficimages/location384.html,Bathurst St. at Jefferson Sdrd.,358
634588.475,4863838.1112,359,634588.48,4863838.11,https://ww5.yorkmaps.ca/webtrafficimages/loc359.jpg,https://ww5.yorkmaps.ca/webtrafficimages/loc359R.jpg,https://ww5.yorkmaps.ca/webtrafficimages/location359.html,Kennedy and Elgin Mills ,359
621980.5327,4887784.6596,365,621980.53,4887784.66,https://ww5.yorkmaps.ca/webtrafficimages/loc365.jpg,https://ww5.yorkmaps.ca/webtrafficimages/loc365R.jpg,https://ww5.yorkmaps.ca/webtrafficimages/location365.html,Queensville and 2nd Concession ,360
623387.5481,4858923.2102,361,623387.55,4858923.21,https://ww5.yorkmaps.ca/webtrafficimages/loc361.jpg,https://ww5.yorkmaps.ca/webtrafficimages/loc361R.jpg,https://ww5.yorkmaps.ca/webtrafficimages/location361.html,Bathurst St and Mil St,361
627106.5842,4860318.494,360,627106.58,4860318.49,https://ww5.yorkmaps.ca/webtrafficimages/loc360.jpg,https://ww5.yorkmaps.ca/webtrafficimages/loc360R.jpg,https://ww5.yorkmaps.ca/webtrafficimages/location360.html,Bayview and Crosby/Redstone,362
628655.13,4885703.57,372,628655.13,4885703.57,https://ww5.yorkmaps.ca/webtrafficimages/loc372.jpg,https://ww5.yorkmaps.ca/webtrafficimages/loc372R.jpg,https://ww5.yorkmaps.ca/webtrafficimages/location372.html,Mount Albert Rd. at Warden Ave.,363
624986.7517,4883296.9972,371,624986.75,4883297,https://ww5.yorkmaps.ca/webtrafficimages/loc371.jpg,https://ww5.yorkmaps.ca/webtrafficimages/loc371R.jpg,https://ww5.yorkmaps.ca/webtrafficimages/location371.html,Leslie Street at Colonel Wayling/Manor Hampton,364
642692.56,4857958.93,373,642692.56,4857958.93,https://ww5.yorkmaps.ca/webtrafficimages/loc373.jpg,https://ww5.yorkmaps.ca/webtrafficimages/loc373R.jpg,https://ww5.yorkmaps.ca/webtrafficimages/location373.html,Box Grove ByPass at 14th Ave.,365
620585.4566,4880840.6946,374,620585.46,4880840.69,https://ww5.yorkmaps.ca/webtrafficimages/loc374.jpg,https://ww5.yorkmaps.ca/webtrafficimages/loc374R.jpg,https://ww5.yorkmaps.ca/webtrafficimages/location374.html,Green Lane at Woodspring Ave.,366
614951.09,4859719.39,375,614951.09,4859719.39,https://ww5.yorkmaps.ca/webtrafficimages/loc375.jpg,https://ww5.yorkmaps.ca/webtrafficimages/loc375R.jpg,https://ww5.yorkmaps.ca/webtrafficimages/location375.html,Weston Road at Kirby Road,367
622082.75,4854759.14,376,622082.75,4854759.14,https://ww5.yorkmaps.ca/webtrafficimages/loc376.jpg,https://ww5.yorkmaps.ca/webtrafficimages/loc376R.jpg,https://ww5.yorkmaps.ca/webtrafficimages/location376.html,Dufferin St. at Autumn Hill Dr. / Ten Oaks Dr.,368
621803.8842,4878630.7725,358,621803.88,4878630.77,https://ww5.yorkmaps.ca/webtrafficimages/loc358.jpg,https://ww5.yorkmaps.ca/webtrafficimages/loc358R.jpg,https://ww5.yorkmaps.ca/webtrafficimages/location358.html,Yonge St and Millard Ave,369
626236.5573,4855218.1798,370,626236.56,4855218.18,https://ww5.yorkmaps.ca/webtrafficimages/loc370.jpg,https://ww5.yorkmaps.ca/webtrafficimages/loc370R.jpg,https://ww5.yorkmaps.ca/webtrafficimages/location370.html,Yonge St. at Garden Ave./ Highway 7 Off-Ramp,370
613276.5618,4857023.2382,369,613276.56,4857023.24,https://ww5.yorkmaps.ca/webtrafficimages/loc369.jpg,https://ww5.yorkmaps.ca/webtrafficimages/loc369R.jpg,https://ww5.yorkmaps.ca/webtrafficimages/location369.html,Pine Valley Drive and Teston Rd.,371
622031.7078,4877432.4903,357,622031.71,4877432.49,https://ww5.yorkmaps.ca/webtrafficimages/loc357.jpg,https://ww5.yorkmaps.ca/webtrafficimages/loc357R.jpg,https://ww5.yorkmaps.ca/webtrafficimages/location357.html,Yonge St and Clearmeadow Blvd,372
620093.39,4877266.4999,390,620093.39,4877266.5,https://ww5.yorkmaps.ca/webtrafficimages/loc390.jpg,https://ww5.yorkmaps.ca/webtrafficimages/loc390R.jpg,https://ww5.yorkmaps.ca/webtrafficimages/location390.html,Bathurst at Keith,373
630004.9995,4906673.7851,392,629532.43,4906515.33,https://ww5.yorkmaps.ca/webtrafficimages/loc392.jpg,https://ww5.yorkmaps.ca/webtrafficimages/loc392R.jpg,https://ww5.yorkmaps.ca/webtrafficimages/location392.html,Baseline West of Dalton PXO,374
630621.134,4860913.1241,391,630621.13,4860913.12,https://ww5.yorkmaps.ca/webtrafficimages/loc391.jpg,https://ww5.yorkmaps.ca/webtrafficimages/loc391R.jpg,https://ww5.yorkmaps.ca/webtrafficimages/location391.html,Woodbine at Russell Dawson,375
639790.03,4870632.82,386,639790.03,4870632.82,https://ww5.yorkmaps.ca/webtrafficimages/loc386.jpg,https://ww5.yorkmaps.ca/webtrafficimages/loc386R.jpg,https://ww5.yorkmaps.ca/webtrafficimages/location386.html,Ninth Line at Millard Street,376
613499.1139,4873087.2082,388,613499.11,4873087.21,https://ww5.yorkmaps.ca/webtrafficimages/loc388.jpg,https://ww5.yorkmaps.ca/webtrafficimages/loc388R.jpg,https://ww5.yorkmaps.ca/webtrafficimages/location388.html,Highway 400 Northbound Offramp at Lloydtown Rd,377
635786.7317,4855752.8582,366,635786.73,4855752.86,https://ww5.yorkmaps.ca/webtrafficimages/loc366.jpg,https://ww5.yorkmaps.ca/webtrafficimages/loc366R.jpg,https://ww5.yorkmaps.ca/webtrafficimages/location366.html,14th Ave and McDowell Gate ,378
608545.0192,4849077.5076,368,608545.02,4849077.51,https://ww5.yorkmaps.ca/webtrafficimages/loc368.jpg,https://ww5.yorkmaps.ca/webtrafficimages/loc368R.jpg,https://ww5.yorkmaps.ca/webtrafficimages/location368.html,Langstaff Rd and Huntington Rd,379
628735.027,4862440.9865,367,628735.03,4862440.99,https://ww5.yorkmaps.ca/webtrafficimages/loc367.jpg,https://ww5.yorkmaps.ca/webtrafficimages/loc367R.jpg,https://ww5.yorkmaps.ca/webtrafficimages/location367.html,Leslie and John Birchall Rd/William F. Bell Parkway ,380
615923.6339,4854510.4094,362,615923.63,4854510.41,https://ww5.yorkmaps.ca/webtrafficimages/loc362.jpg,https://ww5.yorkmaps.ca/webtrafficimages/loc362R.jpg,https://ww5.yorkmaps.ca/webtrafficimages/location362.html,Weston and Ashberry Blvd/Davos Rd,381
620517.1685,4851690.7662,364,620517.17,4851690.77,https://ww5.yorkmaps.ca/webtrafficimages/loc364.jpg,https://ww5.yorkmaps.ca/webtrafficimages/loc364R.jpg,https://ww5.yorkmaps.ca/webtrafficimages/location364.html,Keele and Rivermede Rd,382
615781.5142,4855162.4016,363,615781.51,4855162.4,https://ww5.yorkmaps.ca/webtrafficimages/loc363.jpg,https://ww5.yorkmaps.ca/webtrafficimages/loc363R.jpg,https://ww5.yorkmaps.ca/webtrafficimages/location363.html,Weston and Maria Antonia/Hawstone ,383
626874.56,4857039.39,380,626874.56,4857039.39,https://ww5.yorkmaps.ca/webtrafficimages/loc380.jpg,https://ww5.yorkmaps.ca/webtrafficimages/loc380R.jpg,https://ww5.yorkmaps.ca/webtrafficimages/location380.html,16th Ave. at Elm Ave.,384
630559.0455,4897028.9845,395,630559.05,4897028.98,,,,Ravenshoe Rd at McCowan Rd,385
